id,bc_price_evo
28855,UP
28856,UP
28857,DOWN
28858,DOWN
28859,UP
28860,DOWN
28861,UP
28862,DOWN
28863,DOWN
28864,UP
28865,UP
28866,DOWN
28867,DOWN
28868,UP
28869,UP
28870,DOWN
28871,DOWN
28872,DOWN
28873,UP
28874,DOWN
28875,DOWN
28876,DOWN
28877,DOWN
28878,DOWN
28879,DOWN
28880,UP
28881,UP
28882,UP
28883,DOWN
28884,UP
28885,DOWN
28886,UP
28887,UP
28888,UP
28889,UP
28890,UP
28891,DOWN
28892,DOWN
28893,UP
28894,UP
28895,DOWN
28896,UP
28897,DOWN
28898,DOWN
28899,DOWN
28900,DOWN
28901,DOWN
28902,DOWN
28903,DOWN
28904,UP
28905,DOWN
28906,UP
28907,UP
28908,UP
28909,UP
28910,DOWN
28911,DOWN
28912,UP
28913,UP
28914,UP
28915,DOWN
28916,DOWN
28917,UP
28918,UP
28919,DOWN
28920,UP
28921,UP
28922,DOWN
28923,UP
28924,UP
28925,DOWN
28926,UP
28927,DOWN
28928,DOWN
28929,DOWN
28930,DOWN
28931,UP
28932,UP
28933,DOWN
28934,UP
28935,UP
28936,UP
28937,DOWN
28938,DOWN
28939,DOWN
28940,DOWN
28941,DOWN
28942,UP
28943,DOWN
28944,DOWN
28945,UP
28946,DOWN
28947,DOWN
28948,UP
28949,DOWN
28950,DOWN
28951,UP
28952,DOWN
28953,DOWN
28954,UP
28955,DOWN
28956,UP
28957,UP
28958,UP
28959,DOWN
28960,UP
28961,UP
28962,UP
28963,UP
28964,DOWN
28965,UP
28966,UP
28967,DOWN
28968,DOWN
28969,UP
28970,DOWN
28971,UP
28972,DOWN
28973,DOWN
28974,UP
28975,DOWN
28976,UP
28977,UP
28978,UP
28979,UP
28980,DOWN
28981,DOWN
28982,DOWN
28983,UP
28984,UP
28985,DOWN
28986,UP
28987,DOWN
28988,UP
28989,DOWN
28990,DOWN
28991,UP
28992,UP
28993,DOWN
28994,DOWN
28995,DOWN
28996,UP
28997,DOWN
28998,DOWN
28999,UP
29000,DOWN
29001,DOWN
29002,UP
29003,DOWN
29004,DOWN
29005,UP
29006,UP
29007,UP
29008,UP
29009,UP
29010,DOWN
29011,DOWN
29012,UP
29013,UP
29014,DOWN
29015,UP
29016,UP
29017,UP
29018,DOWN
29019,UP
29020,DOWN
29021,DOWN
29022,DOWN
29023,DOWN
29024,UP
29025,UP
29026,UP
29027,UP
29028,UP
29029,DOWN
29030,UP
29031,DOWN
29032,UP
29033,UP
29034,UP
29035,UP
29036,UP
29037,UP
29038,UP
29039,DOWN
29040,UP
29041,UP
29042,DOWN
29043,DOWN
29044,DOWN
29045,UP
29046,UP
29047,DOWN
29048,DOWN
29049,DOWN
29050,UP
29051,DOWN
29052,UP
29053,DOWN
29054,UP
29055,DOWN
29056,DOWN
29057,DOWN
29058,UP
29059,DOWN
29060,DOWN
29061,DOWN
29062,UP
29063,DOWN
29064,UP
29065,DOWN
29066,DOWN
29067,DOWN
29068,DOWN
29069,DOWN
29070,UP
29071,DOWN
29072,UP
29073,DOWN
29074,UP
29075,UP
29076,UP
29077,DOWN
29078,UP
29079,DOWN
29080,DOWN
29081,UP
29082,UP
29083,DOWN
29084,DOWN
29085,DOWN
29086,UP
29087,UP
29088,DOWN
29089,DOWN
29090,DOWN
29091,UP
29092,DOWN
29093,UP
29094,DOWN
29095,UP
29096,UP
29097,DOWN
29098,DOWN
29099,UP
29100,DOWN
29101,DOWN
29102,UP
29103,DOWN
29104,UP
29105,UP
29106,UP
29107,UP
29108,UP
29109,DOWN
29110,UP
29111,UP
29112,DOWN
29113,UP
29114,UP
29115,DOWN
29116,UP
29117,DOWN
29118,DOWN
29119,UP
29120,DOWN
29121,DOWN
29122,DOWN
29123,DOWN
29124,UP
29125,UP
29126,DOWN
29127,DOWN
29128,UP
29129,UP
29130,DOWN
29131,DOWN
29132,UP
29133,UP
29134,UP
29135,DOWN
29136,DOWN
29137,DOWN
29138,UP
29139,DOWN
29140,DOWN
29141,UP
29142,UP
29143,UP
29144,DOWN
29145,UP
29146,UP
29147,DOWN
29148,UP
29149,DOWN
29150,DOWN
29151,UP
29152,DOWN
29153,UP
29154,DOWN
29155,UP
29156,DOWN
29157,DOWN
29158,UP
29159,DOWN
29160,UP
29161,DOWN
29162,UP
29163,DOWN
29164,DOWN
29165,UP
29166,UP
29167,UP
29168,UP
29169,DOWN
29170,DOWN
29171,UP
29172,DOWN
29173,DOWN
29174,UP
29175,UP
29176,UP
29177,DOWN
29178,UP
29179,DOWN
29180,DOWN
29181,UP
29182,UP
29183,DOWN
29184,DOWN
29185,UP
29186,DOWN
29187,DOWN
29188,DOWN
29189,UP
29190,UP
29191,DOWN
29192,UP
29193,DOWN
29194,DOWN
29195,DOWN
29196,UP
29197,DOWN
29198,DOWN
29199,DOWN
29200,UP
29201,DOWN
29202,UP
29203,UP
29204,DOWN
29205,DOWN
29206,DOWN
29207,DOWN
29208,UP
29209,UP
29210,DOWN
29211,UP
29212,UP
29213,DOWN
29214,UP
29215,UP
29216,UP
29217,DOWN
29218,DOWN
29219,DOWN
29220,DOWN
29221,DOWN
29222,DOWN
29223,UP
29224,DOWN
29225,UP
29226,UP
29227,DOWN
29228,UP
29229,UP
29230,UP
29231,UP
29232,UP
29233,UP
29234,UP
29235,DOWN
29236,DOWN
29237,DOWN
29238,DOWN
29239,DOWN
29240,UP
29241,DOWN
29242,UP
29243,UP
29244,DOWN
29245,UP
29246,UP
29247,DOWN
29248,DOWN
29249,DOWN
29250,UP
29251,UP
29252,DOWN
29253,DOWN
29254,DOWN
29255,DOWN
29256,UP
29257,UP
29258,DOWN
29259,UP
29260,DOWN
29261,DOWN
29262,UP
29263,UP
29264,UP
29265,DOWN
29266,DOWN
29267,DOWN
29268,DOWN
29269,UP
29270,DOWN
29271,UP
29272,UP
29273,UP
29274,UP
29275,UP
29276,UP
29277,UP
29278,DOWN
29279,DOWN
29280,UP
29281,DOWN
29282,DOWN
29283,DOWN
29284,UP
29285,UP
29286,DOWN
29287,UP
29288,UP
29289,UP
29290,DOWN
29291,DOWN
29292,UP
29293,DOWN
29294,UP
29295,DOWN
29296,UP
29297,DOWN
29298,UP
29299,UP
29300,UP
29301,DOWN
29302,DOWN
29303,DOWN
29304,UP
29305,DOWN
29306,DOWN
29307,DOWN
29308,DOWN
29309,UP
29310,UP
29311,DOWN
29312,DOWN
29313,UP
29314,UP
29315,UP
29316,DOWN
29317,DOWN
29318,UP
29319,DOWN
29320,UP
29321,UP
29322,DOWN
29323,UP
29324,DOWN
29325,DOWN
29326,DOWN
29327,DOWN
29328,UP
29329,DOWN
29330,UP
29331,DOWN
29332,UP
29333,UP
29334,DOWN
29335,UP
29336,DOWN
29337,UP
29338,UP
29339,UP
29340,DOWN
29341,UP
29342,UP
29343,UP
29344,UP
29345,DOWN
29346,DOWN
29347,DOWN
29348,UP
29349,DOWN
29350,UP
29351,DOWN
29352,UP
29353,DOWN
29354,DOWN
29355,UP
29356,UP
29357,DOWN
29358,UP
29359,DOWN
29360,UP
29361,DOWN
29362,UP
29363,UP
29364,DOWN
29365,UP
29366,UP
29367,DOWN
29368,UP
29369,UP
29370,DOWN
29371,UP
29372,DOWN
29373,DOWN
29374,UP
29375,DOWN
29376,UP
29377,DOWN
29378,DOWN
29379,UP
29380,DOWN
29381,DOWN
29382,UP
29383,UP
29384,UP
29385,UP
29386,DOWN
29387,DOWN
29388,UP
29389,DOWN
29390,UP
29391,UP
29392,UP
29393,UP
29394,DOWN
29395,UP
29396,DOWN
29397,DOWN
29398,UP
29399,UP
29400,UP
29401,DOWN
29402,DOWN
29403,DOWN
29404,UP
29405,DOWN
29406,DOWN
29407,UP
29408,UP
29409,UP
29410,UP
29411,UP
29412,UP
29413,UP
29414,DOWN
29415,DOWN
29416,DOWN
29417,UP
29418,UP
29419,UP
29420,DOWN
29421,UP
29422,UP
29423,DOWN
29424,DOWN
29425,DOWN
29426,UP
29427,DOWN
29428,DOWN
29429,DOWN
29430,UP
29431,DOWN
29432,DOWN
29433,UP
29434,UP
29435,UP
29436,DOWN
29437,DOWN
29438,UP
29439,DOWN
29440,UP
29441,UP
29442,DOWN
29443,DOWN
29444,DOWN
29445,UP
29446,UP
29447,DOWN
29448,UP
29449,DOWN
29450,UP
29451,UP
29452,UP
29453,DOWN
29454,DOWN
29455,UP
29456,UP
29457,UP
29458,DOWN
29459,DOWN
29460,UP
29461,UP
29462,DOWN
29463,DOWN
29464,DOWN
29465,DOWN
29466,DOWN
29467,DOWN
29468,UP
29469,UP
29470,DOWN
29471,UP
29472,DOWN
29473,UP
29474,DOWN
29475,DOWN
29476,UP
29477,DOWN
29478,UP
29479,UP
29480,UP
29481,UP
29482,UP
29483,UP
29484,DOWN
29485,UP
29486,UP
29487,DOWN
29488,DOWN
29489,DOWN
29490,DOWN
29491,DOWN
29492,UP
29493,UP
29494,DOWN
29495,DOWN
29496,DOWN
29497,UP
29498,UP
29499,DOWN
29500,DOWN
29501,DOWN
29502,UP
29503,DOWN
29504,UP
29505,UP
29506,UP
29507,DOWN
29508,DOWN
29509,DOWN
29510,UP
29511,DOWN
29512,UP
29513,UP
29514,UP
29515,DOWN
29516,DOWN
29517,DOWN
29518,DOWN
29519,DOWN
29520,DOWN
29521,UP
29522,UP
29523,DOWN
29524,UP
29525,DOWN
29526,DOWN
29527,UP
29528,UP
29529,UP
29530,UP
29531,DOWN
29532,DOWN
29533,DOWN
29534,DOWN
29535,DOWN
29536,DOWN
29537,UP
29538,DOWN
29539,UP
29540,DOWN
29541,UP
29542,DOWN
29543,UP
29544,UP
29545,DOWN
29546,UP
29547,UP
29548,DOWN
29549,UP
29550,UP
29551,DOWN
29552,DOWN
29553,DOWN
29554,UP
29555,DOWN
29556,UP
29557,UP
29558,DOWN
29559,UP
29560,DOWN
29561,UP
29562,UP
29563,UP
29564,UP
29565,UP
29566,UP
29567,UP
29568,UP
29569,DOWN
29570,UP
29571,UP
29572,UP
29573,DOWN
29574,UP
29575,UP
29576,DOWN
29577,DOWN
29578,UP
29579,DOWN
29580,UP
29581,UP
29582,UP
29583,UP
29584,UP
29585,DOWN
29586,DOWN
29587,UP
29588,DOWN
29589,DOWN
29590,DOWN
29591,DOWN
29592,DOWN
29593,UP
29594,DOWN
29595,UP
29596,UP
29597,UP
29598,UP
29599,UP
29600,DOWN
29601,UP
29602,DOWN
29603,UP
29604,UP
29605,DOWN
29606,UP
29607,UP
29608,DOWN
29609,UP
29610,UP
29611,DOWN
29612,DOWN
29613,DOWN
29614,UP
29615,DOWN
29616,UP
29617,UP
29618,UP
29619,DOWN
29620,DOWN
29621,UP
29622,UP
29623,DOWN
29624,UP
29625,DOWN
29626,UP
29627,UP
29628,DOWN
29629,DOWN
29630,DOWN
29631,DOWN
29632,UP
29633,UP
29634,DOWN
29635,DOWN
29636,UP
29637,DOWN
29638,DOWN
29639,UP
29640,DOWN
29641,UP
29642,DOWN
29643,UP
29644,DOWN
29645,DOWN
29646,UP
29647,DOWN
29648,UP
29649,DOWN
29650,DOWN
29651,DOWN
29652,DOWN
29653,DOWN
29654,UP
29655,UP
29656,UP
29657,UP
29658,UP
29659,DOWN
29660,UP
29661,UP
29662,DOWN
29663,DOWN
29664,UP
29665,DOWN
29666,DOWN
29667,DOWN
29668,UP
29669,DOWN
29670,DOWN
29671,DOWN
29672,DOWN
29673,DOWN
29674,UP
29675,UP
29676,DOWN
29677,UP
29678,DOWN
29679,UP
29680,DOWN
29681,UP
29682,DOWN
29683,UP
29684,DOWN
29685,DOWN
29686,DOWN
29687,DOWN
29688,DOWN
29689,DOWN
29690,UP
29691,DOWN
29692,DOWN
29693,UP
29694,DOWN
29695,UP
29696,UP
29697,DOWN
29698,UP
29699,UP
29700,DOWN
29701,UP
29702,UP
29703,DOWN
29704,UP
29705,DOWN
29706,DOWN
29707,UP
29708,UP
29709,UP
29710,DOWN
29711,UP
29712,UP
29713,DOWN
29714,DOWN
29715,UP
29716,UP
29717,DOWN
29718,DOWN
29719,UP
29720,DOWN
29721,UP
29722,UP
29723,UP
29724,UP
29725,DOWN
29726,UP
29727,UP
29728,UP
29729,DOWN
29730,DOWN
29731,UP
29732,UP
29733,UP
29734,DOWN
29735,DOWN
29736,DOWN
29737,UP
29738,UP
29739,UP
29740,DOWN
29741,DOWN
29742,UP
29743,DOWN
29744,UP
29745,UP
29746,UP
29747,UP
29748,DOWN
29749,UP
29750,DOWN
29751,UP
29752,DOWN
29753,UP
29754,DOWN
29755,DOWN
29756,DOWN
29757,UP
29758,UP
29759,DOWN
29760,UP
29761,DOWN
29762,UP
29763,DOWN
29764,UP
29765,UP
29766,DOWN
29767,DOWN
29768,DOWN
29769,UP
29770,DOWN
29771,UP
29772,DOWN
29773,DOWN
29774,DOWN
29775,DOWN
29776,UP
29777,UP
29778,DOWN
29779,DOWN
29780,UP
29781,UP
29782,UP
29783,DOWN
29784,UP
29785,DOWN
29786,UP
29787,UP
29788,DOWN
29789,UP
29790,UP
29791,UP
29792,DOWN
29793,DOWN
29794,UP
29795,DOWN
29796,UP
29797,DOWN
29798,UP
29799,DOWN
29800,UP
29801,DOWN
29802,DOWN
29803,UP
29804,DOWN
29805,DOWN
29806,UP
29807,UP
29808,DOWN
29809,UP
29810,DOWN
29811,DOWN
29812,DOWN
29813,UP
29814,DOWN
29815,UP
29816,UP
29817,UP
29818,UP
29819,DOWN
29820,UP
29821,DOWN
29822,DOWN
29823,UP
29824,DOWN
29825,UP
29826,DOWN
29827,DOWN
29828,DOWN
29829,DOWN
29830,DOWN
29831,DOWN
29832,UP
29833,DOWN
29834,UP
29835,DOWN
29836,UP
29837,UP
29838,DOWN
29839,DOWN
29840,DOWN
29841,UP
29842,DOWN
29843,DOWN
29844,DOWN
29845,DOWN
29846,DOWN
29847,UP
29848,UP
29849,UP
29850,UP
29851,UP
29852,UP
29853,DOWN
29854,UP
29855,DOWN
29856,DOWN
29857,DOWN
29858,UP
29859,UP
29860,UP
29861,UP
29862,DOWN
29863,UP
29864,UP
29865,DOWN
29866,DOWN
29867,DOWN
29868,UP
29869,UP
29870,DOWN
29871,DOWN
29872,UP
29873,DOWN
29874,DOWN
29875,DOWN
29876,DOWN
29877,DOWN
29878,DOWN
29879,DOWN
29880,UP
29881,DOWN
29882,DOWN
29883,UP
29884,UP
29885,DOWN
29886,UP
29887,UP
29888,UP
29889,DOWN
29890,DOWN
29891,UP
29892,DOWN
29893,DOWN
29894,DOWN
29895,UP
29896,DOWN
29897,DOWN
29898,UP
29899,DOWN
29900,UP
29901,UP
29902,DOWN
29903,UP
29904,UP
29905,UP
29906,UP
29907,UP
29908,DOWN
29909,DOWN
29910,UP
29911,UP
29912,UP
29913,UP
29914,DOWN
29915,DOWN
29916,UP
29917,DOWN
29918,DOWN
29919,UP
29920,UP
29921,DOWN
29922,DOWN
29923,DOWN
29924,DOWN
29925,UP
29926,DOWN
29927,DOWN
29928,DOWN
29929,DOWN
29930,DOWN
29931,DOWN
29932,DOWN
29933,UP
29934,UP
29935,DOWN
29936,UP
29937,UP
29938,UP
29939,DOWN
29940,DOWN
29941,UP
29942,DOWN
29943,DOWN
29944,DOWN
29945,DOWN
29946,DOWN
29947,UP
29948,DOWN
29949,UP
29950,DOWN
29951,DOWN
29952,UP
29953,UP
29954,DOWN
29955,DOWN
29956,DOWN
29957,UP
29958,UP
29959,DOWN
29960,UP
29961,UP
29962,UP
29963,DOWN
29964,DOWN
29965,DOWN
29966,UP
29967,UP
29968,UP
29969,UP
29970,DOWN
29971,UP
29972,UP
29973,UP
29974,UP
29975,DOWN
29976,DOWN
29977,UP
29978,UP
29979,UP
29980,UP
29981,DOWN
29982,UP
29983,UP
29984,DOWN
29985,UP
29986,UP
29987,UP
29988,DOWN
29989,UP
29990,DOWN
29991,DOWN
29992,UP
29993,DOWN
29994,UP
29995,UP
29996,DOWN
29997,DOWN
29998,UP
29999,DOWN
30000,DOWN
30001,DOWN
30002,UP
30003,UP
30004,UP
30005,UP
30006,DOWN
30007,DOWN
30008,UP
30009,UP
30010,UP
30011,DOWN
30012,UP
30013,DOWN
30014,DOWN
30015,DOWN
30016,DOWN
30017,UP
30018,DOWN
30019,DOWN
30020,DOWN
30021,DOWN
30022,UP
30023,UP
30024,DOWN
30025,UP
30026,DOWN
30027,UP
30028,UP
30029,DOWN
30030,DOWN
30031,DOWN
30032,DOWN
30033,UP
30034,UP
30035,UP
30036,DOWN
30037,DOWN
30038,UP
30039,DOWN
30040,UP
30041,DOWN
30042,DOWN
30043,UP
30044,DOWN
30045,UP
30046,DOWN
30047,DOWN
30048,UP
30049,DOWN
30050,DOWN
30051,DOWN
30052,UP
30053,UP
30054,UP
30055,DOWN
30056,UP
30057,UP
30058,UP
30059,UP
30060,DOWN
30061,UP
30062,UP
30063,DOWN
30064,UP
30065,UP
30066,UP
30067,DOWN
30068,DOWN
30069,DOWN
30070,DOWN
30071,DOWN
30072,DOWN
30073,DOWN
30074,DOWN
30075,UP
30076,DOWN
30077,UP
30078,UP
30079,UP
30080,DOWN
30081,DOWN
30082,UP
30083,DOWN
30084,UP
30085,UP
30086,DOWN
30087,DOWN
30088,DOWN
30089,DOWN
30090,DOWN
30091,DOWN
30092,DOWN
30093,UP
30094,DOWN
30095,UP
30096,DOWN
30097,DOWN
30098,UP
30099,DOWN
30100,DOWN
30101,DOWN
30102,DOWN
30103,DOWN
30104,DOWN
30105,UP
30106,DOWN
30107,DOWN
30108,DOWN
30109,UP
30110,UP
30111,DOWN
30112,DOWN
30113,DOWN
30114,DOWN
30115,DOWN
30116,UP
30117,DOWN
30118,UP
30119,DOWN
30120,UP
30121,UP
30122,UP
30123,UP
30124,DOWN
30125,UP
30126,DOWN
30127,DOWN
30128,UP
30129,DOWN
30130,UP
30131,UP
30132,UP
30133,DOWN
30134,DOWN
30135,DOWN
30136,DOWN
30137,UP
30138,DOWN
30139,UP
30140,UP
30141,UP
30142,DOWN
30143,UP
30144,UP
30145,DOWN
30146,UP
30147,DOWN
30148,UP
30149,UP
30150,UP
30151,DOWN
30152,UP
30153,UP
30154,DOWN
30155,DOWN
30156,UP
30157,UP
30158,DOWN
30159,DOWN
30160,DOWN
30161,UP
30162,UP
30163,DOWN
30164,UP
30165,UP
30166,DOWN
30167,UP
30168,DOWN
30169,DOWN
30170,UP
30171,UP
30172,UP
30173,DOWN
30174,DOWN
30175,UP
30176,UP
30177,UP
30178,DOWN
30179,UP
30180,UP
30181,UP
30182,DOWN
30183,DOWN
30184,DOWN
30185,DOWN
30186,DOWN
30187,DOWN
30188,UP
30189,DOWN
30190,UP
30191,DOWN
30192,UP
30193,UP
30194,DOWN
30195,UP
30196,DOWN
30197,UP
30198,UP
30199,DOWN
30200,DOWN
30201,UP
30202,UP
30203,UP
30204,UP
30205,DOWN
30206,DOWN
30207,UP
30208,UP
30209,UP
30210,DOWN
30211,UP
30212,UP
30213,DOWN
30214,DOWN
30215,UP
30216,DOWN
30217,UP
30218,DOWN
30219,DOWN
30220,DOWN
30221,UP
30222,UP
30223,UP
30224,DOWN
30225,UP
30226,UP
30227,UP
30228,DOWN
30229,DOWN
30230,DOWN
30231,DOWN
30232,DOWN
30233,UP
30234,UP
30235,DOWN
30236,DOWN
30237,DOWN
30238,DOWN
30239,UP
30240,UP
30241,DOWN
30242,DOWN
30243,UP
30244,DOWN
30245,DOWN
30246,DOWN
30247,UP
30248,DOWN
30249,DOWN
30250,DOWN
30251,UP
30252,DOWN
30253,UP
30254,UP
30255,UP
30256,DOWN
30257,UP
30258,UP
30259,UP
30260,UP
30261,UP
30262,DOWN
30263,UP
30264,DOWN
30265,DOWN
30266,UP
30267,UP
30268,DOWN
30269,UP
30270,UP
30271,UP
30272,DOWN
30273,UP
30274,UP
30275,UP
30276,DOWN
30277,DOWN
30278,UP
30279,UP
30280,DOWN
30281,DOWN
30282,UP
30283,DOWN
30284,DOWN
30285,DOWN
30286,UP
30287,UP
30288,UP
30289,UP
30290,UP
30291,UP
30292,UP
30293,DOWN
30294,UP
30295,UP
30296,DOWN
30297,DOWN
30298,DOWN
30299,DOWN
30300,DOWN
30301,DOWN
30302,UP
30303,DOWN
30304,DOWN
30305,DOWN
30306,UP
30307,UP
30308,DOWN
30309,UP
30310,UP
30311,UP
30312,DOWN
30313,DOWN
30314,UP
30315,DOWN
30316,DOWN
30317,DOWN
30318,DOWN
30319,DOWN
30320,DOWN
30321,DOWN
30322,UP
30323,DOWN
30324,DOWN
30325,DOWN
30326,UP
30327,DOWN
30328,DOWN
30329,DOWN
30330,DOWN
30331,UP
30332,DOWN
30333,UP
30334,UP
30335,UP
30336,DOWN
30337,DOWN
30338,UP
30339,DOWN
30340,UP
30341,UP
30342,DOWN
30343,DOWN
30344,DOWN
30345,DOWN
30346,DOWN
30347,UP
30348,UP
30349,DOWN
30350,DOWN
30351,DOWN
30352,UP
30353,UP
30354,DOWN
30355,UP
30356,DOWN
30357,UP
30358,UP
30359,UP
30360,DOWN
30361,DOWN
30362,UP
30363,DOWN
30364,DOWN
30365,UP
30366,UP
30367,DOWN
30368,UP
30369,UP
30370,UP
30371,DOWN
30372,UP
30373,DOWN
30374,DOWN
30375,UP
30376,UP
30377,UP
30378,DOWN
30379,DOWN
30380,UP
30381,UP
30382,DOWN
30383,UP
30384,DOWN
30385,UP
30386,DOWN
30387,UP
30388,DOWN
30389,DOWN
30390,UP
30391,DOWN
30392,DOWN
30393,DOWN
30394,UP
30395,UP
30396,DOWN
30397,DOWN
30398,DOWN
30399,UP
30400,DOWN
30401,DOWN
30402,DOWN
30403,UP
30404,UP
30405,UP
30406,UP
30407,UP
30408,UP
30409,UP
30410,DOWN
30411,DOWN
30412,UP
30413,DOWN
30414,DOWN
30415,DOWN
30416,UP
30417,DOWN
30418,UP
30419,DOWN
30420,UP
30421,DOWN
30422,DOWN
30423,DOWN
30424,DOWN
30425,DOWN
30426,DOWN
30427,DOWN
30428,DOWN
30429,UP
30430,UP
30431,UP
30432,DOWN
30433,DOWN
30434,UP
30435,UP
30436,UP
30437,DOWN
30438,UP
30439,DOWN
30440,UP
30441,UP
30442,UP
30443,UP
30444,UP
30445,DOWN
30446,DOWN
30447,UP
30448,UP
30449,DOWN
30450,UP
30451,UP
30452,DOWN
30453,UP
30454,DOWN
30455,UP
30456,UP
30457,UP
30458,UP
30459,DOWN
30460,UP
30461,DOWN
30462,UP
30463,DOWN
30464,UP
30465,DOWN
30466,DOWN
30467,UP
30468,UP
30469,DOWN
30470,UP
30471,UP
30472,UP
30473,UP
30474,DOWN
30475,DOWN
30476,UP
30477,UP
30478,DOWN
30479,DOWN
30480,UP
30481,DOWN
30482,UP
30483,UP
30484,DOWN
30485,UP
30486,UP
30487,DOWN
30488,DOWN
30489,DOWN
30490,UP
30491,UP
30492,UP
30493,DOWN
30494,UP
30495,DOWN
30496,UP
30497,UP
30498,DOWN
30499,UP
30500,UP
30501,DOWN
30502,DOWN
30503,DOWN
30504,DOWN
30505,UP
30506,DOWN
30507,UP
30508,UP
30509,UP
30510,UP
30511,DOWN
30512,UP
30513,UP
30514,DOWN
30515,UP
30516,UP
30517,UP
30518,UP
30519,DOWN
30520,UP
30521,DOWN
30522,DOWN
30523,DOWN
30524,DOWN
30525,UP
30526,UP
30527,DOWN
30528,DOWN
30529,DOWN
30530,UP
30531,UP
30532,DOWN
30533,UP
30534,UP
30535,DOWN
30536,DOWN
30537,UP
30538,DOWN
30539,UP
30540,DOWN
30541,DOWN
30542,DOWN
30543,UP
30544,UP
30545,UP
30546,DOWN
30547,UP
30548,UP
30549,DOWN
30550,UP
30551,UP
30552,DOWN
30553,UP
30554,UP
30555,UP
30556,UP
30557,UP
30558,UP
30559,UP
30560,DOWN
30561,DOWN
30562,DOWN
30563,DOWN
30564,DOWN
30565,DOWN
30566,DOWN
30567,DOWN
30568,UP
30569,UP
30570,DOWN
30571,DOWN
30572,UP
30573,UP
30574,DOWN
30575,UP
30576,DOWN
30577,DOWN
30578,DOWN
30579,UP
30580,UP
30581,UP
30582,DOWN
30583,DOWN
30584,UP
30585,UP
30586,DOWN
30587,DOWN
30588,DOWN
30589,UP
30590,DOWN
30591,DOWN
30592,DOWN
30593,DOWN
30594,DOWN
30595,DOWN
30596,UP
30597,DOWN
30598,DOWN
30599,UP
30600,DOWN
30601,UP
30602,UP
30603,DOWN
30604,DOWN
30605,UP
30606,UP
30607,UP
30608,UP
30609,DOWN
30610,DOWN
30611,UP
30612,DOWN
30613,UP
30614,DOWN
30615,DOWN
30616,UP
30617,DOWN
30618,UP
30619,UP
30620,DOWN
30621,UP
30622,DOWN
30623,UP
30624,DOWN
30625,UP
30626,DOWN
30627,DOWN
30628,UP
30629,UP
30630,DOWN
30631,DOWN
30632,UP
30633,UP
30634,UP
30635,UP
30636,DOWN
30637,UP
30638,UP
30639,DOWN
30640,UP
30641,UP
30642,DOWN
30643,UP
30644,UP
30645,DOWN
30646,DOWN
30647,UP
30648,UP
30649,DOWN
30650,UP
30651,DOWN
30652,DOWN
30653,UP
30654,DOWN
30655,DOWN
30656,DOWN
30657,DOWN
30658,DOWN
30659,UP
30660,DOWN
30661,DOWN
30662,UP
30663,UP
30664,DOWN
30665,DOWN
30666,UP
30667,UP
30668,DOWN
30669,DOWN
30670,DOWN
30671,UP
30672,DOWN
30673,DOWN
30674,DOWN
30675,UP
30676,DOWN
30677,DOWN
30678,DOWN
30679,UP
30680,DOWN
30681,UP
30682,DOWN
30683,UP
30684,UP
30685,DOWN
30686,DOWN
30687,UP
30688,DOWN
30689,DOWN
30690,UP
30691,UP
30692,UP
30693,UP
30694,DOWN
30695,UP
30696,DOWN
30697,DOWN
30698,UP
30699,DOWN
30700,DOWN
30701,UP
30702,DOWN
30703,UP
30704,DOWN
30705,UP
30706,UP
30707,DOWN
30708,UP
30709,DOWN
30710,UP
30711,UP
30712,UP
30713,DOWN
30714,DOWN
30715,DOWN
30716,DOWN
30717,DOWN
30718,DOWN
30719,DOWN
30720,DOWN
30721,UP
30722,UP
30723,UP
30724,UP
30725,UP
30726,DOWN
30727,DOWN
30728,DOWN
30729,DOWN
30730,DOWN
30731,DOWN
30732,DOWN
30733,UP
30734,UP
30735,DOWN
30736,DOWN
30737,UP
30738,DOWN
30739,DOWN
30740,DOWN
30741,UP
30742,UP
30743,DOWN
30744,DOWN
30745,DOWN
30746,DOWN
30747,UP
30748,DOWN
30749,UP
30750,UP
30751,UP
30752,DOWN
30753,UP
30754,DOWN
30755,DOWN
30756,DOWN
30757,UP
30758,UP
30759,DOWN
30760,DOWN
30761,DOWN
30762,DOWN
30763,DOWN
30764,DOWN
30765,UP
30766,DOWN
30767,DOWN
30768,DOWN
30769,UP
30770,DOWN
30771,DOWN
30772,UP
30773,UP
30774,DOWN
30775,UP
30776,UP
30777,DOWN
30778,UP
30779,DOWN
30780,UP
30781,DOWN
30782,DOWN
30783,UP
30784,UP
30785,UP
30786,UP
30787,DOWN
30788,DOWN
30789,UP
30790,DOWN
30791,UP
30792,DOWN
30793,DOWN
30794,DOWN
30795,UP
30796,UP
30797,DOWN
30798,UP
30799,UP
30800,UP
30801,UP
30802,DOWN
30803,DOWN
30804,UP
30805,DOWN
30806,UP
30807,DOWN
30808,DOWN
30809,DOWN
30810,DOWN
30811,UP
30812,UP
30813,DOWN
30814,DOWN
30815,DOWN
30816,UP
30817,DOWN
30818,DOWN
30819,DOWN
30820,DOWN
30821,DOWN
30822,DOWN
30823,DOWN
30824,DOWN
30825,UP
30826,UP
30827,UP
30828,UP
30829,DOWN
30830,UP
30831,DOWN
30832,DOWN
30833,UP
30834,DOWN
30835,UP
30836,UP
30837,UP
30838,DOWN
30839,DOWN
30840,DOWN
30841,DOWN
30842,UP
30843,UP
30844,DOWN
30845,UP
30846,UP
30847,DOWN
30848,DOWN
30849,DOWN
30850,DOWN
30851,UP
30852,DOWN
30853,UP
30854,UP
30855,DOWN
30856,DOWN
30857,UP
30858,DOWN
30859,DOWN
30860,UP
30861,DOWN
30862,UP
30863,DOWN
30864,DOWN
30865,UP
30866,UP
30867,DOWN
30868,UP
30869,DOWN
30870,UP
30871,DOWN
30872,UP
30873,DOWN
30874,UP
30875,DOWN
30876,DOWN
30877,DOWN
30878,DOWN
30879,DOWN
30880,DOWN
30881,UP
30882,UP
30883,UP
30884,UP
30885,UP
30886,DOWN
30887,UP
30888,DOWN
30889,DOWN
30890,DOWN
30891,DOWN
30892,UP
30893,UP
30894,DOWN
30895,UP
30896,UP
30897,UP
30898,UP
30899,DOWN
30900,UP
30901,UP
30902,DOWN
30903,UP
30904,UP
30905,UP
30906,UP
30907,UP
30908,UP
30909,UP
30910,DOWN
30911,UP
30912,UP
30913,DOWN
30914,UP
30915,DOWN
30916,DOWN
30917,DOWN
30918,DOWN
30919,UP
30920,UP
30921,DOWN
30922,UP
30923,DOWN
30924,DOWN
30925,UP
30926,UP
30927,DOWN
30928,UP
30929,UP
30930,UP
30931,DOWN
30932,UP
30933,DOWN
30934,UP
30935,UP
30936,DOWN
30937,DOWN
30938,DOWN
30939,UP
30940,DOWN
30941,UP
30942,DOWN
30943,DOWN
30944,DOWN
30945,DOWN
30946,DOWN
30947,DOWN
30948,UP
30949,UP
30950,UP
30951,UP
30952,UP
30953,UP
30954,DOWN
30955,UP
30956,DOWN
30957,UP
30958,UP
30959,UP
30960,DOWN
30961,UP
30962,UP
30963,UP
30964,DOWN
30965,UP
30966,UP
30967,DOWN
30968,DOWN
30969,DOWN
30970,DOWN
30971,DOWN
30972,DOWN
30973,DOWN
30974,DOWN
30975,UP
30976,DOWN
30977,UP
30978,DOWN
30979,UP
30980,UP
30981,DOWN
30982,UP
30983,UP
30984,DOWN
30985,DOWN
30986,DOWN
30987,DOWN
30988,DOWN
30989,DOWN
30990,UP
30991,DOWN
30992,DOWN
30993,DOWN
30994,DOWN
30995,DOWN
30996,DOWN
30997,DOWN
30998,UP
30999,UP
31000,UP
31001,UP
31002,DOWN
31003,DOWN
31004,DOWN
31005,UP
31006,UP
31007,DOWN
31008,DOWN
31009,UP
31010,DOWN
31011,UP
31012,UP
31013,DOWN
31014,DOWN
31015,DOWN
31016,UP
31017,UP
31018,UP
31019,DOWN
31020,UP
31021,DOWN
31022,DOWN
31023,UP
31024,DOWN
31025,UP
31026,DOWN
31027,DOWN
31028,UP
31029,UP
31030,UP
31031,DOWN
31032,DOWN
31033,DOWN
31034,DOWN
31035,UP
31036,UP
31037,DOWN
31038,DOWN
31039,UP
31040,UP
31041,UP
31042,UP
31043,DOWN
31044,DOWN
31045,UP
31046,UP
31047,UP
31048,DOWN
31049,UP
31050,UP
31051,DOWN
31052,DOWN
31053,UP
31054,UP
31055,UP
31056,DOWN
31057,UP
31058,UP
31059,DOWN
31060,UP
31061,UP
31062,DOWN
31063,DOWN
31064,UP
31065,DOWN
31066,DOWN
31067,UP
31068,UP
31069,DOWN
31070,UP
31071,DOWN
31072,DOWN
31073,DOWN
31074,UP
31075,UP
31076,DOWN
31077,UP
31078,DOWN
31079,DOWN
31080,UP
31081,DOWN
31082,DOWN
31083,UP
31084,UP
31085,DOWN
31086,UP
31087,UP
31088,DOWN
31089,DOWN
31090,UP
31091,UP
31092,DOWN
31093,DOWN
31094,DOWN
31095,DOWN
31096,DOWN
31097,DOWN
31098,UP
31099,UP
31100,DOWN
31101,UP
31102,UP
31103,DOWN
31104,DOWN
31105,UP
31106,DOWN
31107,DOWN
31108,DOWN
31109,DOWN
31110,UP
31111,DOWN
31112,DOWN
31113,UP
31114,UP
31115,UP
31116,UP
31117,UP
31118,UP
31119,UP
31120,UP
31121,UP
31122,UP
31123,DOWN
31124,UP
31125,DOWN
31126,DOWN
31127,UP
31128,UP
31129,UP
31130,UP
31131,UP
31132,DOWN
31133,UP
31134,UP
31135,UP
31136,DOWN
31137,DOWN
31138,DOWN
31139,UP
31140,UP
31141,DOWN
31142,DOWN
31143,UP
31144,DOWN
31145,UP
31146,DOWN
31147,UP
31148,DOWN
31149,UP
31150,UP
31151,DOWN
31152,UP
31153,DOWN
31154,DOWN
31155,DOWN
31156,UP
31157,DOWN
31158,UP
31159,UP
31160,UP
31161,UP
31162,DOWN
31163,UP
31164,DOWN
31165,DOWN
31166,UP
31167,DOWN
31168,DOWN
31169,UP
31170,DOWN
31171,UP
31172,DOWN
31173,UP
31174,UP
31175,UP
31176,UP
31177,DOWN
31178,UP
31179,DOWN
31180,DOWN
31181,DOWN
31182,UP
31183,DOWN
31184,UP
31185,UP
31186,DOWN
31187,UP
31188,UP
31189,DOWN
31190,UP
31191,DOWN
31192,UP
31193,DOWN
31194,UP
31195,UP
31196,UP
31197,DOWN
31198,DOWN
31199,DOWN
31200,UP
31201,DOWN
31202,DOWN
31203,DOWN
31204,UP
31205,DOWN
31206,DOWN
31207,UP
31208,UP
31209,UP
31210,DOWN
31211,UP
31212,DOWN
31213,UP
31214,UP
31215,DOWN
31216,DOWN
31217,UP
31218,UP
31219,DOWN
31220,UP
31221,UP
31222,DOWN
31223,DOWN
31224,UP
31225,DOWN
31226,DOWN
31227,UP
31228,DOWN
31229,UP
31230,UP
31231,DOWN
31232,DOWN
31233,DOWN
31234,UP
31235,UP
31236,UP
31237,DOWN
31238,UP
31239,DOWN
31240,DOWN
31241,DOWN
31242,UP
31243,UP
31244,UP
31245,DOWN
31246,UP
31247,UP
31248,UP
31249,UP
31250,DOWN
31251,UP
31252,UP
31253,DOWN
31254,DOWN
31255,DOWN
31256,DOWN
31257,UP
31258,DOWN
31259,UP
31260,DOWN
31261,UP
31262,DOWN
31263,UP
31264,UP
31265,DOWN
31266,DOWN
31267,DOWN
31268,DOWN
31269,UP
31270,UP
31271,DOWN
31272,DOWN
31273,DOWN
31274,DOWN
31275,DOWN
31276,DOWN
31277,DOWN
31278,DOWN
31279,UP
31280,UP
31281,UP
31282,UP
31283,UP
31284,DOWN
31285,DOWN
31286,DOWN
31287,UP
31288,UP
31289,DOWN
31290,UP
31291,UP
31292,DOWN
31293,DOWN
31294,DOWN
31295,UP
31296,UP
31297,UP
31298,UP
31299,UP
31300,DOWN
31301,UP
31302,DOWN
31303,DOWN
31304,DOWN
31305,UP
31306,DOWN
31307,DOWN
31308,UP
31309,DOWN
31310,DOWN
31311,UP
31312,UP
31313,UP
31314,UP
31315,DOWN
31316,DOWN
31317,DOWN
31318,DOWN
31319,UP
31320,DOWN
31321,UP
31322,DOWN
31323,UP
31324,DOWN
31325,DOWN
31326,UP
31327,UP
31328,DOWN
31329,DOWN
31330,DOWN
31331,UP
31332,UP
31333,UP
31334,DOWN
31335,DOWN
31336,DOWN
31337,UP
31338,UP
31339,DOWN
31340,DOWN
31341,UP
31342,DOWN
31343,UP
31344,DOWN
31345,DOWN
31346,DOWN
31347,DOWN
31348,DOWN
31349,DOWN
31350,DOWN
31351,DOWN
31352,UP
31353,DOWN
31354,UP
31355,UP
31356,UP
31357,UP
31358,UP
31359,UP
31360,DOWN
31361,DOWN
31362,DOWN
31363,DOWN
31364,UP
31365,DOWN
31366,DOWN
31367,DOWN
31368,DOWN
31369,UP
31370,UP
31371,DOWN
31372,UP
31373,UP
31374,DOWN
31375,DOWN
31376,UP
31377,UP
31378,UP
31379,UP
31380,DOWN
31381,DOWN
31382,DOWN
31383,UP
31384,UP
31385,DOWN
31386,DOWN
31387,UP
31388,DOWN
31389,UP
31390,DOWN
31391,UP
31392,UP
31393,UP
31394,DOWN
31395,DOWN
31396,UP
31397,DOWN
31398,DOWN
31399,UP
31400,UP
31401,UP
31402,DOWN
31403,DOWN
31404,DOWN
31405,DOWN
31406,DOWN
31407,DOWN
31408,DOWN
31409,DOWN
31410,DOWN
31411,UP
31412,UP
31413,UP
31414,DOWN
31415,DOWN
31416,DOWN
31417,UP
31418,DOWN
31419,DOWN
31420,UP
31421,DOWN
31422,UP
31423,UP
31424,DOWN
31425,DOWN
31426,DOWN
31427,DOWN
31428,DOWN
31429,UP
31430,DOWN
31431,DOWN
31432,DOWN
31433,UP
31434,UP
31435,DOWN
31436,DOWN
31437,DOWN
31438,UP
31439,DOWN
31440,DOWN
31441,UP
31442,UP
31443,DOWN
31444,DOWN
31445,UP
31446,UP
31447,DOWN
31448,UP
31449,UP
31450,DOWN
31451,DOWN
31452,UP
31453,DOWN
31454,UP
31455,DOWN
31456,DOWN
31457,DOWN
31458,DOWN
31459,UP
31460,DOWN
31461,UP
31462,DOWN
31463,UP
31464,DOWN
31465,UP
31466,UP
31467,DOWN
31468,UP
31469,UP
31470,DOWN
31471,UP
31472,UP
31473,UP
31474,DOWN
31475,DOWN
31476,UP
31477,DOWN
31478,DOWN
31479,DOWN
31480,UP
31481,UP
31482,DOWN
31483,UP
31484,UP
31485,UP
31486,DOWN
31487,UP
31488,DOWN
31489,UP
31490,DOWN
31491,DOWN
31492,DOWN
31493,DOWN
31494,DOWN
31495,UP
31496,UP
31497,DOWN
31498,UP
31499,DOWN
31500,UP
31501,DOWN
31502,DOWN
31503,UP
31504,DOWN
31505,DOWN
31506,UP
31507,DOWN
31508,UP
31509,DOWN
31510,DOWN
31511,UP
31512,DOWN
31513,UP
31514,UP
31515,DOWN
31516,UP
31517,UP
31518,UP
31519,UP
31520,UP
31521,UP
31522,DOWN
31523,DOWN
31524,UP
31525,DOWN
31526,UP
31527,UP
31528,UP
31529,DOWN
31530,DOWN
31531,DOWN
31532,UP
31533,DOWN
31534,UP
31535,UP
31536,UP
31537,DOWN
31538,DOWN
31539,UP
31540,DOWN
31541,UP
31542,UP
31543,DOWN
31544,UP
31545,DOWN
31546,UP
31547,UP
31548,DOWN
31549,DOWN
31550,DOWN
31551,UP
31552,UP
31553,DOWN
31554,DOWN
31555,UP
31556,DOWN
31557,UP
31558,DOWN
31559,DOWN
31560,UP
31561,DOWN
31562,DOWN
31563,DOWN
31564,UP
31565,UP
31566,DOWN
31567,DOWN
31568,DOWN
31569,UP
31570,DOWN
31571,DOWN
31572,DOWN
31573,DOWN
31574,DOWN
31575,DOWN
31576,UP
31577,DOWN
31578,UP
31579,UP
31580,UP
31581,UP
31582,DOWN
31583,UP
31584,DOWN
31585,DOWN
31586,UP
31587,UP
31588,UP
31589,DOWN
31590,DOWN
31591,DOWN
31592,UP
31593,DOWN
31594,UP
31595,UP
31596,DOWN
31597,DOWN
31598,UP
31599,DOWN
31600,UP
31601,UP
31602,DOWN
31603,UP
31604,DOWN
31605,DOWN
31606,UP
31607,UP
31608,DOWN
31609,DOWN
31610,DOWN
31611,DOWN
31612,UP
31613,UP
31614,DOWN
31615,UP
31616,UP
31617,UP
31618,DOWN
31619,DOWN
31620,DOWN
31621,UP
31622,UP
31623,DOWN
31624,UP
31625,DOWN
31626,UP
31627,UP
31628,DOWN
31629,UP
31630,UP
31631,DOWN
31632,DOWN
31633,DOWN
31634,DOWN
31635,UP
31636,DOWN
31637,UP
31638,UP
31639,UP
31640,DOWN
31641,UP
31642,DOWN
31643,DOWN
31644,UP
31645,DOWN
31646,DOWN
31647,DOWN
31648,UP
31649,UP
31650,DOWN
31651,DOWN
31652,UP
31653,DOWN
31654,UP
31655,UP
31656,DOWN
31657,DOWN
31658,DOWN
31659,UP
31660,UP
31661,UP
31662,DOWN
31663,UP
31664,UP
31665,DOWN
31666,UP
31667,DOWN
31668,DOWN
31669,UP
31670,DOWN
31671,UP
31672,UP
31673,DOWN
31674,DOWN
31675,DOWN
31676,UP
31677,UP
31678,UP
31679,DOWN
31680,UP
31681,UP
31682,UP
31683,UP
31684,DOWN
31685,UP
31686,UP
31687,UP
31688,DOWN
31689,UP
31690,DOWN
31691,DOWN
31692,DOWN
31693,DOWN
31694,DOWN
31695,UP
31696,UP
31697,DOWN
31698,DOWN
31699,DOWN
31700,DOWN
31701,DOWN
31702,DOWN
31703,UP
31704,DOWN
31705,DOWN
31706,UP
31707,UP
31708,UP
31709,UP
31710,UP
31711,DOWN
31712,UP
31713,DOWN
31714,UP
31715,UP
31716,UP
31717,UP
31718,UP
31719,UP
31720,UP
31721,UP
31722,UP
31723,DOWN
31724,DOWN
31725,UP
31726,UP
31727,DOWN
31728,DOWN
31729,DOWN
31730,DOWN
31731,DOWN
31732,UP
31733,DOWN
31734,DOWN
31735,DOWN
31736,DOWN
31737,DOWN
31738,DOWN
31739,UP
31740,UP
31741,UP
31742,DOWN
31743,UP
31744,UP
31745,DOWN
31746,UP
31747,DOWN
31748,UP
31749,DOWN
31750,DOWN
31751,UP
31752,UP
31753,DOWN
31754,DOWN
31755,UP
31756,UP
31757,UP
31758,UP
31759,DOWN
31760,UP
31761,DOWN
31762,UP
31763,UP
31764,UP
31765,UP
31766,UP
31767,UP
31768,UP
31769,DOWN
31770,DOWN
31771,UP
31772,UP
31773,UP
31774,DOWN
31775,UP
31776,UP
31777,DOWN
31778,UP
31779,DOWN
31780,UP
31781,UP
31782,UP
31783,UP
31784,DOWN
31785,UP
31786,DOWN
31787,DOWN
31788,DOWN
31789,UP
31790,UP
31791,UP
31792,DOWN
31793,DOWN
31794,UP
31795,DOWN
31796,UP
31797,UP
31798,DOWN
31799,DOWN
31800,DOWN
31801,UP
31802,DOWN
31803,DOWN
31804,UP
31805,DOWN
31806,DOWN
31807,UP
31808,DOWN
31809,DOWN
31810,UP
31811,UP
31812,DOWN
31813,UP
31814,UP
31815,DOWN
31816,UP
31817,UP
31818,UP
31819,UP
31820,DOWN
31821,DOWN
31822,DOWN
31823,DOWN
31824,DOWN
31825,DOWN
31826,UP
31827,UP
31828,UP
31829,DOWN
31830,DOWN
31831,DOWN
31832,DOWN
31833,UP
31834,UP
31835,DOWN
31836,DOWN
31837,UP
31838,DOWN
31839,DOWN
31840,DOWN
31841,UP
31842,UP
31843,DOWN
31844,UP
31845,DOWN
31846,DOWN
31847,DOWN
31848,DOWN
31849,DOWN
31850,UP
31851,DOWN
31852,UP
31853,UP
31854,UP
31855,DOWN
31856,DOWN
31857,UP
31858,UP
31859,DOWN
31860,DOWN
31861,DOWN
31862,DOWN
31863,UP
31864,DOWN
31865,UP
31866,DOWN
31867,DOWN
31868,UP
31869,DOWN
31870,DOWN
31871,UP
31872,UP
31873,DOWN
31874,DOWN
31875,UP
31876,DOWN
31877,UP
31878,UP
31879,DOWN
31880,UP
31881,UP
31882,UP
31883,DOWN
31884,UP
31885,UP
31886,UP
31887,DOWN
31888,DOWN
31889,UP
31890,DOWN
31891,DOWN
31892,DOWN
31893,UP
31894,UP
31895,DOWN
31896,DOWN
31897,UP
31898,UP
31899,DOWN
31900,UP
31901,DOWN
31902,UP
31903,UP
31904,DOWN
31905,UP
31906,DOWN
31907,DOWN
31908,UP
31909,DOWN
31910,DOWN
31911,UP
31912,UP
31913,UP
31914,DOWN
31915,UP
31916,DOWN
31917,UP
31918,DOWN
31919,DOWN
31920,DOWN
31921,UP
31922,UP
31923,UP
31924,UP
31925,DOWN
31926,DOWN
31927,UP
31928,UP
31929,DOWN
31930,UP
31931,UP
31932,DOWN
31933,UP
31934,UP
31935,UP
31936,DOWN
31937,DOWN
31938,UP
31939,UP
31940,UP
31941,DOWN
31942,UP
31943,DOWN
31944,UP
31945,DOWN
31946,DOWN
31947,UP
31948,DOWN
31949,DOWN
31950,DOWN
31951,UP
31952,UP
31953,DOWN
31954,DOWN
31955,DOWN
31956,UP
31957,UP
31958,DOWN
31959,UP
31960,DOWN
31961,UP
31962,DOWN
31963,DOWN
31964,DOWN
31965,DOWN
31966,DOWN
31967,UP
31968,DOWN
31969,DOWN
31970,UP
31971,DOWN
31972,DOWN
31973,DOWN
31974,UP
31975,DOWN
31976,DOWN
31977,DOWN
31978,DOWN
31979,DOWN
31980,UP
31981,DOWN
31982,UP
31983,UP
31984,UP
31985,UP
31986,DOWN
31987,DOWN
31988,UP
31989,UP
31990,UP
31991,UP
31992,DOWN
31993,DOWN
31994,UP
31995,DOWN
31996,DOWN
31997,DOWN
31998,UP
31999,UP
32000,UP
32001,DOWN
32002,DOWN
32003,UP
32004,DOWN
32005,UP
32006,DOWN
32007,DOWN
32008,DOWN
32009,DOWN
32010,UP
32011,DOWN
32012,UP
32013,DOWN
32014,UP
32015,UP
32016,UP
32017,UP
32018,DOWN
32019,DOWN
32020,DOWN
32021,DOWN
32022,UP
32023,UP
32024,UP
32025,DOWN
32026,DOWN
32027,UP
32028,DOWN
32029,UP
32030,UP
32031,DOWN
32032,DOWN
32033,DOWN
32034,DOWN
32035,DOWN
32036,DOWN
32037,DOWN
32038,DOWN
32039,UP
32040,DOWN
32041,DOWN
32042,DOWN
32043,DOWN
32044,UP
32045,DOWN
32046,UP
32047,UP
32048,DOWN
32049,DOWN
32050,UP
32051,UP
32052,DOWN
32053,UP
32054,DOWN
32055,DOWN
32056,DOWN
32057,DOWN
32058,UP
32059,DOWN
32060,DOWN
32061,UP
32062,DOWN
32063,DOWN
32064,UP
32065,UP
32066,UP
32067,DOWN
32068,UP
32069,UP
32070,DOWN
32071,UP
32072,UP
32073,DOWN
32074,UP
32075,UP
32076,UP
32077,DOWN
32078,UP
32079,UP
32080,DOWN
32081,UP
32082,DOWN
32083,DOWN
32084,DOWN
32085,DOWN
32086,UP
32087,DOWN
32088,DOWN
32089,DOWN
32090,DOWN
32091,DOWN
32092,DOWN
32093,DOWN
32094,UP
32095,DOWN
32096,DOWN
32097,DOWN
32098,UP
32099,DOWN
32100,UP
32101,UP
32102,DOWN
32103,UP
32104,UP
32105,UP
32106,UP
32107,DOWN
32108,UP
32109,DOWN
32110,DOWN
32111,UP
32112,DOWN
32113,UP
32114,UP
32115,DOWN
32116,UP
32117,DOWN
32118,DOWN
32119,UP
32120,UP
32121,UP
32122,UP
32123,DOWN
32124,DOWN
32125,DOWN
32126,DOWN
32127,DOWN
32128,DOWN
32129,DOWN
32130,UP
32131,DOWN
32132,DOWN
32133,DOWN
32134,UP
32135,DOWN
32136,DOWN
32137,UP
32138,DOWN
32139,DOWN
32140,UP
32141,UP
32142,UP
32143,DOWN
32144,UP
32145,DOWN
32146,UP
32147,DOWN
32148,DOWN
32149,DOWN
32150,DOWN
32151,DOWN
32152,UP
32153,DOWN
32154,DOWN
32155,UP
32156,DOWN
32157,DOWN
32158,UP
32159,DOWN
32160,UP
32161,UP
32162,DOWN
32163,UP
32164,UP
32165,UP
32166,UP
32167,UP
32168,UP
32169,UP
32170,DOWN
32171,UP
32172,DOWN
32173,DOWN
32174,UP
32175,DOWN
32176,DOWN
32177,UP
32178,UP
32179,UP
32180,UP
32181,DOWN
32182,DOWN
32183,UP
32184,DOWN
32185,DOWN
32186,UP
32187,DOWN
32188,UP
32189,UP
32190,DOWN
32191,DOWN
32192,DOWN
32193,DOWN
32194,DOWN
32195,UP
32196,UP
32197,UP
32198,UP
32199,DOWN
32200,DOWN
32201,UP
32202,DOWN
32203,UP
32204,DOWN
32205,UP
32206,UP
32207,UP
32208,DOWN
32209,DOWN
32210,DOWN
32211,UP
32212,DOWN
32213,DOWN
32214,UP
32215,DOWN
32216,DOWN
32217,DOWN
32218,DOWN
32219,UP
32220,DOWN
32221,DOWN
32222,DOWN
32223,DOWN
32224,DOWN
32225,UP
32226,UP
32227,DOWN
32228,UP
32229,DOWN
32230,DOWN
32231,UP
32232,DOWN
32233,DOWN
32234,DOWN
32235,DOWN
32236,UP
32237,DOWN
32238,UP
32239,UP
32240,UP
32241,UP
32242,UP
32243,DOWN
32244,DOWN
32245,DOWN
32246,UP
32247,DOWN
32248,UP
32249,DOWN
32250,DOWN
32251,UP
32252,UP
32253,UP
32254,UP
32255,UP
32256,DOWN
32257,DOWN
32258,UP
32259,DOWN
32260,UP
32261,DOWN
32262,DOWN
32263,DOWN
32264,UP
32265,DOWN
32266,UP
32267,UP
32268,DOWN
32269,DOWN
32270,DOWN
32271,DOWN
32272,DOWN
32273,UP
32274,DOWN
32275,DOWN
32276,UP
32277,DOWN
32278,UP
32279,DOWN
32280,UP
32281,UP
32282,UP
32283,DOWN
32284,UP
32285,DOWN
32286,DOWN
32287,DOWN
32288,UP
32289,DOWN
32290,UP
32291,DOWN
32292,UP
32293,UP
32294,DOWN
32295,UP
32296,DOWN
32297,UP
32298,DOWN
32299,UP
32300,UP
32301,UP
32302,UP
32303,UP
32304,UP
32305,DOWN
32306,DOWN
32307,UP
32308,DOWN
32309,UP
32310,UP
32311,UP
32312,UP
32313,DOWN
32314,UP
32315,UP
32316,DOWN
32317,UP
32318,DOWN
32319,UP
32320,DOWN
32321,DOWN
32322,DOWN
32323,DOWN
32324,DOWN
32325,DOWN
32326,DOWN
32327,UP
32328,DOWN
32329,UP
32330,DOWN
32331,UP
32332,UP
32333,UP
32334,DOWN
32335,UP
32336,DOWN
32337,DOWN
32338,UP
32339,DOWN
32340,UP
32341,UP
32342,DOWN
32343,DOWN
32344,DOWN
32345,DOWN
32346,UP
32347,DOWN
32348,DOWN
32349,DOWN
32350,UP
32351,UP
32352,DOWN
32353,DOWN
32354,DOWN
32355,UP
32356,DOWN
32357,UP
32358,UP
32359,UP
32360,UP
32361,DOWN
32362,DOWN
32363,UP
32364,DOWN
32365,UP
32366,DOWN
32367,UP
32368,DOWN
32369,UP
32370,UP
32371,DOWN
32372,UP
32373,UP
32374,UP
32375,DOWN
32376,DOWN
32377,UP
32378,UP
32379,UP
32380,DOWN
32381,UP
32382,UP
32383,DOWN
32384,UP
32385,UP
32386,UP
32387,DOWN
32388,DOWN
32389,DOWN
32390,UP
32391,UP
32392,UP
32393,UP
32394,DOWN
32395,UP
32396,DOWN
32397,DOWN
32398,DOWN
32399,DOWN
32400,DOWN
32401,UP
32402,DOWN
32403,DOWN
32404,UP
32405,UP
32406,UP
32407,UP
32408,DOWN
32409,DOWN
32410,UP
32411,UP
32412,DOWN
32413,UP
32414,DOWN
32415,UP
32416,DOWN
32417,DOWN
32418,UP
32419,UP
32420,DOWN
32421,UP
32422,UP
32423,DOWN
32424,DOWN
32425,DOWN
32426,DOWN
32427,UP
32428,UP
32429,DOWN
32430,UP
32431,UP
32432,UP
32433,UP
32434,UP
32435,UP
32436,DOWN
32437,UP
32438,DOWN
32439,DOWN
32440,UP
32441,UP
32442,UP
32443,UP
32444,UP
32445,UP
32446,UP
32447,DOWN
32448,UP
32449,DOWN
32450,UP
32451,DOWN
32452,UP
32453,UP
32454,DOWN
32455,UP
32456,DOWN
32457,DOWN
32458,DOWN
32459,UP
32460,DOWN
32461,DOWN
32462,DOWN
32463,DOWN
32464,UP
32465,UP
32466,UP
32467,DOWN
32468,DOWN
32469,DOWN
32470,UP
32471,DOWN
32472,UP
32473,DOWN
32474,UP
32475,DOWN
32476,DOWN
32477,DOWN
32478,DOWN
32479,UP
32480,DOWN
32481,UP
32482,UP
32483,DOWN
32484,DOWN
32485,UP
32486,DOWN
32487,DOWN
32488,DOWN
32489,DOWN
32490,UP
32491,DOWN
32492,DOWN
32493,UP
32494,DOWN
32495,UP
32496,DOWN
32497,DOWN
32498,UP
32499,UP
32500,DOWN
32501,DOWN
32502,DOWN
32503,DOWN
32504,DOWN
32505,UP
32506,UP
32507,UP
32508,UP
32509,UP
32510,UP
32511,UP
32512,DOWN
32513,DOWN
32514,UP
32515,DOWN
32516,DOWN
32517,UP
32518,DOWN
32519,UP
32520,UP
32521,UP
32522,UP
32523,UP
32524,UP
32525,DOWN
32526,UP
32527,UP
32528,DOWN
32529,UP
32530,UP
32531,DOWN
32532,DOWN
32533,DOWN
32534,DOWN
32535,DOWN
32536,DOWN
32537,UP
32538,UP
32539,DOWN
32540,DOWN
32541,DOWN
32542,UP
32543,DOWN
32544,DOWN
32545,UP
32546,UP
32547,DOWN
32548,UP
32549,UP
32550,UP
32551,DOWN
32552,UP
32553,DOWN
32554,UP
32555,DOWN
32556,UP
32557,UP
32558,DOWN
32559,DOWN
32560,UP
32561,UP
32562,UP
32563,UP
32564,UP
32565,UP
32566,UP
32567,UP
32568,DOWN
32569,DOWN
32570,UP
32571,DOWN
32572,DOWN
32573,DOWN
32574,DOWN
32575,DOWN
32576,UP
32577,DOWN
32578,UP
32579,DOWN
32580,DOWN
32581,UP
32582,UP
32583,DOWN
32584,UP
32585,UP
32586,DOWN
32587,DOWN
32588,DOWN
32589,DOWN
32590,DOWN
32591,UP
32592,DOWN
32593,DOWN
32594,UP
32595,DOWN
32596,UP
32597,DOWN
32598,DOWN
32599,DOWN
32600,UP
32601,UP
32602,DOWN
32603,UP
32604,DOWN
32605,UP
32606,UP
32607,DOWN
32608,DOWN
32609,UP
32610,DOWN
32611,UP
32612,DOWN
32613,UP
32614,DOWN
32615,UP
32616,DOWN
32617,UP
32618,DOWN
32619,DOWN
32620,DOWN
32621,DOWN
32622,UP
32623,DOWN
32624,UP
32625,DOWN
32626,DOWN
32627,DOWN
32628,UP
32629,DOWN
32630,UP
32631,UP
32632,UP
32633,UP
32634,UP
32635,UP
32636,UP
32637,UP
32638,UP
32639,UP
32640,UP
32641,DOWN
32642,DOWN
32643,DOWN
32644,DOWN
32645,DOWN
32646,DOWN
32647,DOWN
32648,DOWN
32649,UP
32650,UP
32651,UP
32652,UP
32653,DOWN
32654,DOWN
32655,DOWN
32656,DOWN
32657,UP
32658,UP
32659,DOWN
32660,UP
32661,DOWN
32662,UP
32663,UP
32664,DOWN
32665,UP
32666,UP
32667,DOWN
32668,UP
32669,DOWN
32670,UP
32671,UP
32672,DOWN
32673,UP
32674,UP
32675,DOWN
32676,UP
32677,UP
32678,UP
32679,UP
32680,DOWN
32681,UP
32682,UP
32683,UP
32684,DOWN
32685,DOWN
32686,DOWN
32687,DOWN
32688,UP
32689,DOWN
32690,UP
32691,DOWN
32692,DOWN
32693,UP
32694,UP
32695,DOWN
32696,DOWN
32697,DOWN
32698,UP
32699,DOWN
32700,UP
32701,DOWN
32702,DOWN
32703,DOWN
32704,UP
32705,DOWN
32706,UP
32707,UP
32708,DOWN
32709,UP
32710,DOWN
32711,DOWN
32712,DOWN
32713,DOWN
32714,DOWN
32715,UP
32716,UP
32717,DOWN
32718,UP
32719,UP
32720,DOWN
32721,DOWN
32722,DOWN
32723,DOWN
32724,DOWN
32725,DOWN
32726,DOWN
32727,DOWN
32728,UP
32729,UP
32730,DOWN
32731,DOWN
32732,UP
32733,DOWN
32734,DOWN
32735,UP
32736,UP
32737,UP
32738,DOWN
32739,UP
32740,UP
32741,UP
32742,DOWN
32743,UP
32744,DOWN
32745,DOWN
32746,UP
32747,DOWN
32748,DOWN
32749,DOWN
32750,UP
32751,DOWN
32752,DOWN
32753,UP
32754,UP
32755,DOWN
32756,DOWN
32757,UP
32758,UP
32759,DOWN
32760,DOWN
32761,DOWN
32762,UP
32763,DOWN
32764,DOWN
32765,DOWN
32766,UP
32767,DOWN
32768,DOWN
32769,DOWN
32770,DOWN
32771,UP
32772,UP
32773,UP
32774,UP
32775,UP
32776,DOWN
32777,UP
32778,UP
32779,UP
32780,DOWN
32781,UP
32782,UP
32783,DOWN
32784,UP
32785,DOWN
32786,DOWN
32787,DOWN
32788,DOWN
32789,DOWN
32790,DOWN
32791,DOWN
32792,DOWN
32793,DOWN
32794,DOWN
32795,UP
32796,UP
32797,UP
32798,DOWN
32799,UP
32800,UP
32801,DOWN
32802,UP
32803,DOWN
32804,UP
32805,DOWN
32806,UP
32807,UP
32808,DOWN
32809,DOWN
32810,DOWN
32811,DOWN
32812,UP
32813,UP
32814,UP
32815,DOWN
32816,UP
32817,DOWN
32818,UP
32819,UP
32820,UP
32821,DOWN
32822,DOWN
32823,DOWN
32824,DOWN
32825,UP
32826,UP
32827,DOWN
32828,UP
32829,DOWN
32830,DOWN
32831,DOWN
32832,UP
32833,DOWN
32834,DOWN
32835,UP
32836,DOWN
32837,UP
32838,UP
32839,UP
32840,DOWN
32841,UP
32842,DOWN
32843,UP
32844,DOWN
32845,UP
32846,UP
32847,DOWN
32848,DOWN
32849,DOWN
32850,UP
32851,UP
32852,UP
32853,DOWN
32854,UP
32855,DOWN
32856,DOWN
32857,UP
32858,DOWN
32859,DOWN
32860,UP
32861,DOWN
32862,DOWN
32863,DOWN
32864,DOWN
32865,DOWN
32866,DOWN
32867,DOWN
32868,UP
32869,UP
32870,DOWN
32871,UP
32872,DOWN
32873,DOWN
32874,DOWN
32875,DOWN
32876,UP
32877,UP
32878,UP
32879,DOWN
32880,DOWN
32881,DOWN
32882,DOWN
32883,DOWN
32884,DOWN
32885,UP
32886,DOWN
32887,UP
32888,DOWN
32889,UP
32890,UP
32891,UP
32892,UP
32893,DOWN
32894,DOWN
32895,DOWN
32896,DOWN
32897,UP
32898,UP
32899,UP
32900,UP
32901,DOWN
32902,UP
32903,UP
32904,DOWN
32905,DOWN
32906,UP
32907,DOWN
32908,UP
32909,DOWN
32910,UP
32911,DOWN
32912,DOWN
32913,DOWN
32914,DOWN
32915,UP
32916,DOWN
32917,UP
32918,DOWN
32919,DOWN
32920,UP
32921,UP
32922,DOWN
32923,UP
32924,DOWN
32925,UP
32926,UP
32927,UP
32928,DOWN
32929,DOWN
32930,DOWN
32931,DOWN
32932,UP
32933,UP
32934,DOWN
32935,DOWN
32936,DOWN
32937,DOWN
32938,UP
32939,UP
32940,UP
32941,UP
32942,DOWN
32943,DOWN
32944,UP
32945,DOWN
32946,DOWN
32947,UP
32948,DOWN
32949,UP
32950,UP
32951,UP
32952,UP
32953,UP
32954,DOWN
32955,UP
32956,DOWN
32957,DOWN
32958,DOWN
32959,UP
32960,UP
32961,UP
32962,DOWN
32963,UP
32964,DOWN
32965,UP
32966,UP
32967,UP
32968,DOWN
32969,DOWN
32970,DOWN
32971,UP
32972,DOWN
32973,DOWN
32974,UP
32975,DOWN
32976,DOWN
32977,DOWN
32978,UP
32979,UP
32980,DOWN
32981,UP
32982,DOWN
32983,UP
32984,UP
32985,DOWN
32986,UP
32987,DOWN
32988,DOWN
32989,DOWN
32990,DOWN
32991,UP
32992,DOWN
32993,DOWN
32994,DOWN
32995,UP
32996,UP
32997,UP
32998,DOWN
32999,DOWN
33000,DOWN
33001,UP
33002,UP
33003,DOWN
33004,UP
33005,UP
33006,DOWN
33007,UP
33008,UP
33009,UP
33010,UP
33011,DOWN
33012,DOWN
33013,UP
33014,UP
33015,DOWN
33016,UP
33017,DOWN
33018,DOWN
33019,UP
33020,UP
33021,DOWN
33022,DOWN
33023,UP
33024,DOWN
33025,DOWN
33026,DOWN
33027,UP
33028,DOWN
33029,DOWN
33030,DOWN
33031,DOWN
33032,DOWN
33033,DOWN
33034,DOWN
33035,UP
33036,UP
33037,UP
33038,DOWN
33039,DOWN
33040,UP
33041,UP
33042,UP
33043,DOWN
33044,UP
33045,DOWN
33046,DOWN
33047,UP
33048,DOWN
33049,UP
33050,UP
33051,DOWN
33052,UP
33053,DOWN
33054,DOWN
33055,UP
33056,UP
33057,UP
33058,DOWN
33059,UP
33060,UP
33061,DOWN
33062,UP
33063,UP
33064,DOWN
33065,UP
33066,UP
33067,DOWN
33068,DOWN
33069,DOWN
33070,DOWN
33071,UP
33072,DOWN
33073,UP
33074,UP
33075,UP
33076,UP
33077,DOWN
33078,UP
33079,DOWN
33080,DOWN
33081,DOWN
33082,DOWN
33083,UP
33084,DOWN
33085,UP
33086,UP
33087,UP
33088,UP
33089,DOWN
33090,UP
33091,DOWN
33092,UP
33093,UP
33094,DOWN
33095,DOWN
33096,UP
33097,DOWN
33098,UP
33099,DOWN
33100,UP
33101,UP
33102,DOWN
33103,UP
33104,UP
33105,UP
33106,DOWN
33107,DOWN
33108,UP
33109,UP
33110,UP
33111,DOWN
33112,DOWN
33113,DOWN
33114,UP
33115,DOWN
33116,DOWN
33117,DOWN
33118,DOWN
33119,UP
33120,UP
33121,UP
33122,UP
33123,DOWN
33124,DOWN
33125,UP
33126,UP
33127,UP
33128,UP
33129,DOWN
33130,DOWN
33131,DOWN
33132,UP
33133,DOWN
33134,UP
33135,UP
33136,UP
33137,UP
33138,DOWN
33139,UP
33140,DOWN
33141,DOWN
33142,DOWN
33143,UP
33144,UP
33145,DOWN
33146,UP
33147,UP
33148,UP
33149,DOWN
33150,UP
33151,UP
33152,DOWN
33153,DOWN
33154,DOWN
33155,DOWN
33156,UP
33157,UP
33158,UP
33159,DOWN
33160,DOWN
33161,UP
33162,UP
33163,UP
33164,UP
33165,UP
33166,UP
33167,DOWN
33168,UP
33169,UP
33170,UP
33171,DOWN
33172,UP
33173,UP
33174,UP
33175,DOWN
33176,UP
33177,DOWN
33178,UP
33179,DOWN
33180,DOWN
33181,DOWN
33182,UP
33183,DOWN
33184,UP
33185,UP
33186,UP
33187,UP
33188,UP
33189,UP
33190,DOWN
33191,DOWN
33192,UP
33193,DOWN
33194,UP
33195,DOWN
33196,UP
33197,UP
33198,DOWN
33199,DOWN
33200,UP
33201,UP
33202,UP
33203,UP
33204,DOWN
33205,UP
33206,DOWN
33207,DOWN
33208,DOWN
33209,DOWN
33210,DOWN
33211,UP
33212,DOWN
33213,UP
33214,UP
33215,UP
33216,UP
33217,UP
33218,UP
33219,UP
33220,DOWN
33221,UP
33222,UP
33223,DOWN
33224,DOWN
33225,UP
33226,DOWN
33227,DOWN
33228,DOWN
33229,DOWN
33230,UP
33231,UP
33232,UP
33233,DOWN
33234,UP
33235,UP
33236,UP
33237,UP
33238,UP
33239,DOWN
33240,UP
33241,UP
33242,UP
33243,UP
33244,DOWN
33245,DOWN
33246,UP
33247,UP
33248,DOWN
33249,UP
33250,DOWN
33251,DOWN
33252,DOWN
33253,DOWN
33254,UP
33255,UP
33256,DOWN
33257,UP
33258,UP
33259,UP
33260,UP
33261,UP
33262,DOWN
33263,DOWN
33264,DOWN
33265,UP
33266,DOWN
33267,DOWN
33268,UP
33269,DOWN
33270,DOWN
33271,DOWN
33272,DOWN
33273,UP
33274,UP
33275,UP
33276,DOWN
33277,UP
33278,DOWN
33279,UP
33280,DOWN
33281,UP
33282,UP
33283,DOWN
33284,DOWN
33285,DOWN
33286,DOWN
33287,UP
33288,UP
33289,UP
33290,DOWN
33291,UP
33292,DOWN
33293,DOWN
33294,DOWN
33295,DOWN
33296,DOWN
33297,UP
33298,DOWN
33299,DOWN
33300,DOWN
33301,UP
33302,DOWN
33303,DOWN
33304,DOWN
33305,DOWN
33306,DOWN
33307,DOWN
33308,DOWN
33309,UP
33310,UP
33311,UP
33312,UP
33313,DOWN
33314,DOWN
33315,DOWN
33316,DOWN
33317,DOWN
33318,DOWN
33319,DOWN
33320,UP
33321,DOWN
33322,UP
33323,UP
33324,DOWN
33325,DOWN
33326,DOWN
33327,DOWN
33328,UP
33329,UP
33330,DOWN
33331,UP
33332,UP
33333,DOWN
33334,UP
33335,DOWN
33336,UP
33337,UP
33338,UP
33339,UP
33340,DOWN
33341,DOWN
33342,UP
33343,DOWN
33344,DOWN
33345,DOWN
33346,DOWN
33347,DOWN
33348,UP
33349,UP
33350,UP
33351,UP
33352,UP
33353,UP
33354,UP
33355,UP
33356,UP
33357,UP
33358,DOWN
33359,UP
33360,DOWN
33361,DOWN
33362,DOWN
33363,DOWN
33364,UP
33365,UP
33366,UP
33367,UP
33368,DOWN
33369,UP
33370,DOWN
33371,DOWN
33372,UP
33373,UP
33374,DOWN
33375,UP
33376,UP
33377,UP
33378,DOWN
33379,DOWN
33380,DOWN
33381,UP
33382,UP
33383,DOWN
33384,DOWN
33385,DOWN
33386,UP
33387,DOWN
33388,DOWN
33389,DOWN
33390,DOWN
33391,UP
33392,DOWN
33393,UP
33394,UP
33395,DOWN
33396,UP
33397,UP
33398,UP
33399,UP
33400,UP
33401,DOWN
33402,UP
33403,DOWN
33404,DOWN
33405,UP
33406,DOWN
33407,UP
33408,UP
33409,UP
33410,UP
33411,UP
33412,DOWN
33413,DOWN
33414,UP
33415,UP
33416,UP
33417,UP
33418,UP
33419,UP
33420,UP
33421,UP
33422,DOWN
33423,DOWN
33424,UP
33425,DOWN
33426,UP
33427,DOWN
33428,UP
33429,DOWN
33430,DOWN
33431,DOWN
33432,DOWN
33433,DOWN
33434,DOWN
33435,UP
33436,UP
33437,DOWN
33438,DOWN
33439,UP
33440,UP
33441,DOWN
33442,UP
33443,DOWN
33444,DOWN
33445,UP
33446,DOWN
33447,DOWN
33448,UP
33449,UP
33450,DOWN
33451,DOWN
33452,UP
33453,UP
33454,DOWN
33455,UP
33456,DOWN
33457,DOWN
33458,DOWN
33459,DOWN
33460,UP
33461,UP
33462,DOWN
33463,DOWN
33464,UP
33465,UP
33466,UP
33467,DOWN
33468,DOWN
33469,UP
33470,DOWN
33471,DOWN
33472,UP
33473,UP
33474,DOWN
33475,DOWN
33476,DOWN
33477,DOWN
33478,UP
33479,UP
33480,UP
33481,DOWN
33482,DOWN
33483,DOWN
33484,DOWN
33485,DOWN
33486,DOWN
33487,DOWN
33488,DOWN
33489,UP
33490,UP
33491,UP
33492,DOWN
33493,UP
33494,DOWN
33495,UP
33496,UP
33497,DOWN
33498,UP
33499,DOWN
33500,UP
33501,DOWN
33502,DOWN
33503,UP
33504,UP
33505,UP
33506,UP
33507,DOWN
33508,UP
33509,DOWN
33510,DOWN
33511,DOWN
33512,UP
33513,UP
33514,UP
33515,UP
33516,UP
33517,DOWN
33518,UP
33519,UP
33520,DOWN
33521,DOWN
33522,UP
33523,DOWN
33524,UP
33525,UP
33526,UP
33527,UP
33528,UP
33529,DOWN
33530,DOWN
33531,DOWN
33532,DOWN
33533,UP
33534,UP
33535,DOWN
33536,DOWN
33537,UP
33538,DOWN
33539,UP
33540,UP
33541,UP
33542,UP
33543,UP
33544,DOWN
33545,UP
33546,DOWN
33547,DOWN
33548,UP
33549,UP
33550,UP
33551,UP
33552,UP
33553,DOWN
33554,DOWN
33555,DOWN
33556,DOWN
33557,UP
33558,UP
33559,DOWN
33560,DOWN
33561,DOWN
33562,DOWN
33563,UP
33564,DOWN
33565,DOWN
33566,UP
33567,UP
33568,UP
33569,DOWN
33570,DOWN
33571,UP
33572,UP
33573,UP
33574,UP
33575,UP
33576,UP
33577,UP
33578,DOWN
33579,DOWN
33580,DOWN
33581,DOWN
33582,UP
33583,UP
33584,UP
33585,DOWN
33586,UP
33587,DOWN
33588,UP
33589,DOWN
33590,DOWN
33591,DOWN
33592,DOWN
33593,DOWN
33594,DOWN
33595,UP
33596,DOWN
33597,UP
33598,DOWN
33599,UP
33600,UP
33601,UP
33602,UP
33603,DOWN
33604,UP
33605,DOWN
33606,UP
33607,DOWN
33608,DOWN
33609,UP
33610,DOWN
33611,UP
33612,DOWN
33613,UP
33614,UP
33615,UP
33616,UP
33617,UP
33618,DOWN
33619,DOWN
33620,UP
33621,DOWN
33622,UP
33623,DOWN
33624,UP
33625,UP
33626,DOWN
33627,UP
33628,DOWN
33629,DOWN
33630,UP
33631,UP
33632,UP
33633,UP
33634,UP
33635,DOWN
33636,UP
33637,UP
33638,UP
33639,UP
33640,UP
33641,DOWN
33642,DOWN
33643,UP
33644,DOWN
33645,UP
33646,UP
33647,DOWN
33648,DOWN
33649,UP
33650,UP
33651,UP
33652,UP
33653,DOWN
33654,DOWN
33655,UP
33656,DOWN
33657,UP
33658,DOWN
33659,UP
33660,DOWN
33661,UP
33662,UP
33663,DOWN
33664,UP
33665,UP
33666,DOWN
33667,DOWN
33668,DOWN
33669,UP
33670,DOWN
33671,DOWN
33672,UP
33673,UP
33674,DOWN
33675,DOWN
33676,DOWN
33677,UP
33678,DOWN
33679,DOWN
33680,DOWN
33681,UP
33682,UP
33683,DOWN
33684,DOWN
33685,UP
33686,UP
33687,UP
33688,UP
33689,DOWN
33690,UP
33691,DOWN
33692,DOWN
33693,UP
33694,DOWN
33695,UP
33696,UP
33697,DOWN
33698,DOWN
33699,DOWN
33700,UP
33701,DOWN
33702,UP
33703,UP
33704,UP
33705,UP
33706,UP
33707,UP
33708,UP
33709,UP
33710,UP
33711,UP
33712,DOWN
33713,DOWN
33714,DOWN
33715,UP
33716,UP
33717,DOWN
33718,UP
33719,DOWN
33720,DOWN
33721,UP
33722,UP
33723,DOWN
33724,DOWN
33725,UP
33726,DOWN
33727,DOWN
33728,UP
33729,DOWN
33730,UP
33731,UP
33732,UP
33733,UP
33734,UP
33735,UP
33736,DOWN
33737,UP
33738,DOWN
33739,DOWN
33740,DOWN
33741,UP
33742,DOWN
33743,DOWN
33744,DOWN
33745,UP
33746,UP
33747,UP
33748,UP
33749,DOWN
33750,DOWN
33751,UP
33752,UP
33753,UP
33754,DOWN
33755,DOWN
33756,UP
33757,UP
33758,DOWN
33759,UP
33760,UP
33761,UP
33762,DOWN
33763,UP
33764,UP
33765,UP
33766,UP
33767,DOWN
33768,DOWN
33769,UP
33770,DOWN
33771,UP
33772,UP
33773,UP
33774,DOWN
33775,DOWN
33776,UP
33777,DOWN
33778,DOWN
33779,DOWN
33780,UP
33781,DOWN
33782,UP
33783,UP
33784,UP
33785,DOWN
33786,DOWN
33787,DOWN
33788,DOWN
33789,UP
33790,DOWN
33791,UP
33792,DOWN
33793,DOWN
33794,UP
33795,UP
33796,DOWN
33797,UP
33798,DOWN
33799,DOWN
33800,DOWN
33801,UP
33802,DOWN
33803,UP
33804,UP
33805,DOWN
33806,UP
33807,DOWN
33808,UP
33809,UP
33810,UP
33811,UP
33812,UP
33813,DOWN
33814,UP
33815,UP
33816,UP
33817,DOWN
33818,UP
33819,UP
33820,UP
33821,DOWN
33822,UP
33823,DOWN
33824,UP
33825,UP
33826,DOWN
33827,UP
33828,DOWN
33829,UP
33830,DOWN
33831,DOWN
33832,DOWN
33833,DOWN
33834,DOWN
33835,UP
33836,UP
33837,DOWN
33838,DOWN
33839,UP
33840,UP
33841,UP
33842,UP
33843,DOWN
33844,UP
33845,UP
33846,DOWN
33847,UP
33848,UP
33849,DOWN
33850,UP
33851,DOWN
33852,UP
33853,UP
33854,UP
33855,DOWN
33856,UP
33857,DOWN
33858,UP
33859,DOWN
33860,UP
33861,DOWN
33862,UP
33863,DOWN
33864,UP
33865,DOWN
33866,DOWN
33867,DOWN
33868,DOWN
33869,DOWN
33870,DOWN
33871,DOWN
33872,DOWN
33873,UP
33874,UP
33875,UP
33876,DOWN
33877,UP
33878,UP
33879,UP
33880,DOWN
33881,UP
33882,UP
33883,UP
33884,UP
33885,UP
33886,DOWN
33887,UP
33888,UP
33889,DOWN
33890,UP
33891,DOWN
33892,UP
33893,UP
33894,DOWN
33895,DOWN
33896,UP
33897,DOWN
33898,DOWN
33899,UP
33900,UP
33901,DOWN
33902,DOWN
33903,UP
33904,DOWN
33905,UP
33906,UP
33907,UP
33908,UP
33909,DOWN
33910,UP
33911,UP
33912,DOWN
33913,UP
33914,DOWN
33915,DOWN
33916,UP
33917,UP
33918,DOWN
33919,DOWN
33920,DOWN
33921,UP
33922,UP
33923,UP
33924,UP
33925,DOWN
33926,UP
33927,DOWN
33928,DOWN
33929,DOWN
33930,DOWN
33931,UP
33932,UP
33933,DOWN
33934,UP
33935,UP
33936,DOWN
33937,UP
33938,DOWN
33939,DOWN
33940,UP
33941,DOWN
33942,UP
33943,DOWN
33944,UP
33945,DOWN
33946,UP
33947,UP
33948,DOWN
33949,UP
33950,DOWN
33951,DOWN
33952,DOWN
33953,DOWN
33954,UP
33955,UP
33956,DOWN
33957,UP
33958,UP
33959,UP
33960,DOWN
33961,UP
33962,DOWN
33963,UP
33964,UP
33965,UP
33966,UP
33967,UP
33968,DOWN
33969,DOWN
33970,DOWN
33971,UP
33972,DOWN
33973,DOWN
33974,UP
33975,DOWN
33976,DOWN
33977,UP
33978,UP
33979,DOWN
33980,DOWN
33981,DOWN
33982,UP
33983,DOWN
33984,UP
33985,DOWN
33986,UP
33987,DOWN
33988,DOWN
33989,UP
33990,UP
33991,DOWN
33992,DOWN
33993,UP
33994,UP
33995,UP
33996,DOWN
33997,UP
33998,DOWN
33999,DOWN
34000,UP
34001,UP
34002,DOWN
34003,DOWN
34004,DOWN
34005,DOWN
34006,DOWN
34007,DOWN
34008,UP
34009,DOWN
34010,DOWN
34011,DOWN
34012,UP
34013,DOWN
34014,DOWN
34015,DOWN
34016,DOWN
34017,DOWN
34018,DOWN
34019,DOWN
34020,UP
34021,UP
34022,UP
34023,UP
34024,DOWN
34025,UP
34026,UP
34027,UP
34028,UP
34029,DOWN
34030,DOWN
34031,UP
34032,UP
34033,DOWN
34034,UP
34035,DOWN
34036,UP
34037,UP
34038,DOWN
34039,DOWN
34040,UP
34041,DOWN
34042,UP
34043,DOWN
34044,UP
34045,UP
34046,DOWN
34047,UP
34048,UP
34049,DOWN
34050,DOWN
34051,DOWN
34052,UP
34053,UP
34054,DOWN
34055,DOWN
34056,UP
34057,UP
34058,UP
34059,UP
34060,DOWN
34061,UP
34062,UP
34063,UP
34064,UP
34065,DOWN
34066,DOWN
34067,UP
34068,DOWN
34069,DOWN
34070,UP
34071,UP
34072,DOWN
34073,UP
34074,DOWN
34075,DOWN
34076,DOWN
34077,UP
34078,UP
34079,UP
34080,UP
34081,UP
34082,UP
34083,UP
34084,DOWN
34085,DOWN
34086,DOWN
34087,UP
34088,UP
34089,UP
34090,UP
34091,UP
34092,DOWN
34093,DOWN
34094,UP
34095,DOWN
34096,DOWN
34097,DOWN
34098,DOWN
34099,UP
34100,UP
34101,DOWN
34102,UP
34103,UP
34104,UP
34105,UP
34106,DOWN
34107,DOWN
34108,DOWN
34109,UP
34110,UP
34111,DOWN
34112,UP
34113,UP
34114,UP
34115,UP
34116,DOWN
34117,UP
34118,DOWN
34119,DOWN
34120,DOWN
34121,UP
34122,DOWN
34123,DOWN
34124,UP
34125,DOWN
34126,UP
34127,DOWN
34128,DOWN
34129,UP
34130,UP
34131,UP
34132,DOWN
34133,DOWN
34134,DOWN
34135,UP
34136,UP
34137,DOWN
34138,UP
34139,DOWN
34140,UP
34141,UP
34142,UP
34143,DOWN
34144,UP
34145,DOWN
34146,UP
34147,UP
34148,UP
34149,DOWN
34150,UP
34151,UP
34152,UP
34153,DOWN
34154,DOWN
34155,DOWN
34156,UP
34157,DOWN
34158,UP
34159,UP
34160,DOWN
34161,UP
34162,DOWN
34163,DOWN
34164,DOWN
34165,UP
34166,DOWN
34167,UP
34168,DOWN
34169,UP
34170,UP
34171,DOWN
34172,UP
34173,UP
34174,DOWN
34175,UP
34176,DOWN
34177,UP
34178,UP
34179,DOWN
34180,DOWN
34181,DOWN
34182,DOWN
34183,UP
34184,UP
34185,UP
34186,UP
34187,DOWN
34188,UP
34189,DOWN
34190,DOWN
34191,UP
34192,UP
34193,UP
34194,UP
34195,DOWN
34196,UP
34197,DOWN
34198,DOWN
34199,UP
34200,DOWN
34201,UP
34202,UP
34203,DOWN
34204,UP
34205,DOWN
34206,UP
34207,DOWN
34208,DOWN
34209,UP
34210,UP
34211,UP
34212,UP
34213,UP
34214,UP
34215,DOWN
34216,UP
34217,UP
34218,UP
34219,UP
34220,UP
34221,DOWN
34222,DOWN
34223,UP
34224,DOWN
34225,UP
34226,UP
34227,UP
34228,DOWN
34229,DOWN
34230,DOWN
34231,UP
34232,UP
34233,DOWN
34234,DOWN
34235,DOWN
34236,UP
34237,UP
34238,DOWN
34239,DOWN
34240,UP
34241,UP
34242,DOWN
34243,DOWN
34244,DOWN
34245,UP
34246,UP
34247,DOWN
34248,UP
34249,DOWN
34250,DOWN
34251,UP
34252,UP
34253,DOWN
34254,UP
34255,UP
34256,UP
34257,UP
34258,UP
34259,DOWN
34260,UP
34261,UP
34262,DOWN
34263,UP
34264,DOWN
34265,DOWN
34266,UP
34267,UP
34268,DOWN
34269,DOWN
34270,DOWN
34271,UP
34272,DOWN
34273,UP
34274,UP
34275,UP
34276,UP
34277,DOWN
34278,UP
34279,DOWN
34280,UP
34281,DOWN
34282,UP
34283,UP
34284,DOWN
34285,DOWN
34286,UP
34287,UP
34288,DOWN
34289,DOWN
34290,UP
34291,DOWN
34292,UP
34293,UP
34294,UP
34295,UP
34296,DOWN
34297,DOWN
34298,UP
34299,DOWN
34300,DOWN
34301,UP
34302,DOWN
34303,UP
34304,DOWN
34305,UP
34306,UP
34307,UP
34308,UP
34309,DOWN
34310,DOWN
34311,DOWN
34312,UP
34313,DOWN
34314,UP
34315,UP
34316,DOWN
34317,DOWN
34318,DOWN
34319,DOWN
34320,UP
34321,UP
34322,UP
34323,UP
34324,UP
34325,UP
34326,DOWN
34327,UP
34328,DOWN
34329,UP
34330,UP
34331,UP
34332,DOWN
34333,DOWN
34334,DOWN
34335,DOWN
34336,UP
34337,UP
34338,UP
34339,DOWN
34340,DOWN
34341,DOWN
34342,DOWN
34343,DOWN
34344,DOWN
34345,UP
34346,DOWN
34347,UP
34348,DOWN
34349,UP
34350,DOWN
34351,UP
34352,DOWN
34353,UP
34354,UP
34355,UP
34356,DOWN
34357,UP
34358,DOWN
34359,UP
34360,UP
34361,DOWN
34362,UP
34363,DOWN
34364,DOWN
34365,DOWN
34366,UP
34367,DOWN
34368,DOWN
34369,UP
34370,DOWN
34371,DOWN
34372,UP
34373,DOWN
34374,UP
34375,DOWN
34376,DOWN
34377,DOWN
34378,UP
34379,DOWN
34380,UP
34381,UP
34382,DOWN
34383,DOWN
34384,DOWN
34385,UP
34386,DOWN
34387,UP
34388,DOWN
34389,UP
34390,UP
34391,DOWN
34392,UP
34393,UP
34394,DOWN
34395,UP
34396,DOWN
34397,UP
34398,DOWN
34399,DOWN
34400,DOWN
34401,DOWN
34402,UP
34403,UP
34404,UP
34405,UP
34406,DOWN
34407,DOWN
34408,UP
34409,DOWN
34410,DOWN
34411,UP
34412,DOWN
34413,DOWN
34414,UP
34415,DOWN
34416,UP
34417,DOWN
34418,UP
34419,UP
34420,UP
34421,UP
34422,DOWN
34423,DOWN
34424,UP
34425,UP
34426,UP
34427,DOWN
34428,DOWN
34429,DOWN
34430,UP
34431,UP
34432,UP
34433,DOWN
34434,DOWN
34435,UP
34436,DOWN
34437,DOWN
34438,UP
34439,DOWN
34440,DOWN
34441,DOWN
34442,UP
34443,DOWN
34444,UP
34445,UP
34446,DOWN
34447,UP
34448,DOWN
34449,DOWN
34450,UP
34451,DOWN
34452,DOWN
34453,UP
34454,DOWN
34455,DOWN
34456,UP
34457,DOWN
34458,UP
34459,UP
34460,UP
34461,DOWN
34462,UP
34463,UP
34464,UP
34465,DOWN
34466,UP
34467,DOWN
34468,UP
34469,UP
34470,DOWN
34471,UP
34472,DOWN
34473,UP
34474,DOWN
34475,DOWN
34476,DOWN
34477,UP
34478,DOWN
34479,DOWN
34480,DOWN
34481,DOWN
34482,UP
34483,DOWN
34484,DOWN
34485,UP
34486,DOWN
34487,UP
34488,UP
34489,UP
34490,DOWN
34491,UP
34492,UP
34493,DOWN
34494,UP
34495,UP
34496,DOWN
34497,UP
34498,DOWN
34499,DOWN
34500,UP
34501,UP
34502,DOWN
34503,DOWN
34504,DOWN
34505,DOWN
34506,DOWN
34507,DOWN
34508,DOWN
34509,DOWN
34510,UP
34511,DOWN
34512,UP
34513,DOWN
34514,UP
34515,UP
34516,DOWN
34517,DOWN
34518,DOWN
34519,DOWN
34520,UP
34521,UP
34522,UP
34523,DOWN
34524,DOWN
34525,DOWN
34526,UP
34527,DOWN
34528,UP
34529,DOWN
34530,UP
34531,UP
34532,UP
34533,UP
34534,UP
34535,UP
34536,DOWN
34537,DOWN
34538,DOWN
34539,UP
34540,DOWN
34541,UP
34542,DOWN
34543,DOWN
34544,UP
34545,UP
34546,UP
34547,DOWN
34548,DOWN
34549,UP
34550,UP
34551,UP
34552,DOWN
34553,UP
34554,DOWN
34555,DOWN
34556,DOWN
34557,DOWN
34558,UP
34559,UP
34560,DOWN
34561,UP
34562,UP
34563,UP
34564,UP
34565,DOWN
34566,DOWN
34567,UP
34568,UP
34569,UP
34570,DOWN
34571,UP
34572,UP
34573,DOWN
34574,DOWN
34575,UP
34576,DOWN
34577,DOWN
34578,DOWN
34579,DOWN
34580,DOWN
34581,UP
34582,UP
34583,DOWN
34584,DOWN
34585,UP
34586,DOWN
34587,UP
34588,DOWN
34589,DOWN
34590,DOWN
34591,UP
34592,DOWN
34593,UP
34594,UP
34595,UP
34596,DOWN
34597,DOWN
34598,DOWN
34599,DOWN
34600,UP
34601,UP
34602,DOWN
34603,DOWN
34604,UP
34605,DOWN
34606,DOWN
34607,DOWN
34608,DOWN
34609,DOWN
34610,UP
34611,UP
34612,DOWN
34613,UP
34614,DOWN
34615,UP
34616,UP
34617,DOWN
34618,UP
34619,UP
34620,UP
34621,UP
34622,UP
34623,DOWN
34624,UP
34625,UP
34626,DOWN
34627,DOWN
34628,DOWN
34629,UP
34630,DOWN
34631,UP
34632,UP
34633,UP
34634,DOWN
34635,DOWN
34636,DOWN
34637,DOWN
34638,DOWN
34639,DOWN
34640,UP
34641,UP
34642,UP
34643,UP
34644,UP
34645,DOWN
34646,UP
34647,UP
34648,UP
34649,UP
34650,UP
34651,DOWN
34652,DOWN
34653,DOWN
34654,DOWN
34655,UP
34656,DOWN
34657,UP
34658,DOWN
34659,UP
34660,UP
34661,DOWN
34662,UP
34663,UP
34664,DOWN
34665,UP
34666,DOWN
34667,DOWN
34668,UP
34669,UP
34670,DOWN
34671,DOWN
34672,UP
34673,UP
34674,DOWN
34675,UP
34676,UP
34677,UP
34678,DOWN
34679,DOWN
34680,UP
34681,DOWN
34682,UP
34683,DOWN
34684,UP
34685,UP
34686,UP
34687,DOWN
34688,UP
34689,UP
34690,UP
34691,DOWN
34692,DOWN
34693,DOWN
34694,UP
34695,DOWN
34696,UP
34697,UP
34698,DOWN
34699,DOWN
34700,UP
34701,DOWN
34702,DOWN
34703,DOWN
34704,DOWN
34705,DOWN
34706,DOWN
34707,UP
34708,UP
34709,DOWN
34710,UP
34711,UP
34712,DOWN
34713,UP
34714,UP
34715,DOWN
34716,DOWN
34717,UP
34718,UP
34719,DOWN
34720,UP
34721,DOWN
34722,UP
34723,DOWN
34724,DOWN
34725,UP
34726,UP
34727,DOWN
34728,DOWN
34729,DOWN
34730,DOWN
34731,DOWN
34732,UP
34733,UP
34734,UP
34735,DOWN
34736,DOWN
34737,DOWN
34738,UP
34739,UP
34740,DOWN
34741,DOWN
34742,UP
34743,DOWN
34744,UP
34745,UP
34746,UP
34747,DOWN
34748,DOWN
34749,DOWN
34750,DOWN
34751,DOWN
34752,DOWN
34753,UP
34754,UP
34755,UP
34756,UP
34757,DOWN
34758,UP
34759,UP
34760,DOWN
34761,DOWN
34762,UP
34763,UP
34764,UP
34765,DOWN
34766,UP
34767,UP
34768,UP
34769,UP
34770,DOWN
34771,UP
34772,DOWN
34773,UP
34774,UP
34775,UP
34776,DOWN
34777,DOWN
34778,DOWN
34779,DOWN
34780,DOWN
34781,UP
34782,DOWN
34783,UP
34784,UP
34785,UP
34786,DOWN
34787,UP
34788,UP
34789,DOWN
34790,UP
34791,UP
34792,UP
34793,UP
34794,DOWN
34795,UP
34796,UP
34797,DOWN
34798,UP
34799,DOWN
34800,DOWN
34801,DOWN
34802,UP
34803,UP
34804,DOWN
34805,UP
34806,DOWN
34807,UP
34808,UP
34809,DOWN
34810,UP
34811,DOWN
34812,DOWN
34813,UP
34814,UP
34815,DOWN
34816,DOWN
34817,DOWN
34818,DOWN
34819,UP
34820,DOWN
34821,UP
34822,UP
34823,UP
34824,DOWN
34825,DOWN
34826,UP
34827,UP
34828,UP
34829,DOWN
34830,UP
34831,DOWN
34832,UP
34833,UP
34834,UP
34835,UP
34836,DOWN
34837,DOWN
34838,UP
34839,UP
34840,UP
34841,DOWN
34842,DOWN
34843,UP
34844,DOWN
34845,UP
34846,UP
34847,DOWN
34848,UP
34849,UP
34850,UP
34851,UP
34852,UP
34853,UP
34854,UP
34855,DOWN
34856,DOWN
34857,UP
34858,DOWN
34859,DOWN
34860,DOWN
34861,UP
34862,DOWN
34863,UP
34864,DOWN
34865,DOWN
34866,DOWN
34867,UP
34868,DOWN
34869,DOWN
34870,DOWN
34871,UP
34872,DOWN
34873,UP
34874,UP
34875,DOWN
34876,UP
34877,DOWN
34878,DOWN
34879,DOWN
34880,DOWN
34881,UP
34882,DOWN
34883,DOWN
34884,DOWN
34885,UP
34886,DOWN
34887,UP
34888,UP
34889,DOWN
34890,UP
34891,DOWN
34892,UP
34893,UP
34894,UP
34895,UP
34896,DOWN
34897,UP
34898,UP
34899,UP
34900,DOWN
34901,DOWN
34902,DOWN
34903,UP
34904,UP
34905,DOWN
34906,DOWN
34907,UP
34908,DOWN
34909,DOWN
34910,UP
34911,DOWN
34912,UP
34913,DOWN
34914,DOWN
34915,DOWN
34916,DOWN
34917,UP
34918,DOWN
34919,DOWN
34920,UP
34921,UP
34922,UP
34923,UP
34924,DOWN
34925,DOWN
34926,DOWN
34927,DOWN
34928,DOWN
34929,UP
34930,DOWN
34931,UP
34932,UP
34933,UP
34934,UP
34935,UP
34936,DOWN
34937,DOWN
34938,DOWN
34939,DOWN
34940,DOWN
34941,DOWN
34942,DOWN
34943,DOWN
34944,UP
34945,UP
34946,DOWN
34947,DOWN
34948,DOWN
34949,DOWN
34950,DOWN
34951,DOWN
34952,DOWN
34953,UP
34954,DOWN
34955,DOWN
34956,DOWN
34957,UP
34958,DOWN
34959,DOWN
34960,UP
34961,UP
34962,DOWN
34963,UP
34964,DOWN
34965,DOWN
34966,UP
34967,UP
34968,UP
34969,UP
34970,UP
34971,DOWN
34972,DOWN
34973,UP
34974,UP
34975,DOWN
34976,UP
34977,UP
34978,DOWN
34979,DOWN
34980,UP
34981,DOWN
34982,DOWN
34983,UP
34984,UP
34985,UP
34986,UP
34987,UP
34988,UP
34989,DOWN
34990,UP
34991,UP
34992,DOWN
34993,UP
34994,UP
34995,DOWN
34996,UP
34997,UP
34998,UP
34999,DOWN
35000,UP
35001,UP
35002,UP
35003,DOWN
35004,UP
35005,DOWN
35006,UP
35007,UP
35008,UP
35009,DOWN
35010,DOWN
35011,DOWN
35012,UP
35013,UP
35014,UP
35015,DOWN
35016,UP
35017,UP
35018,UP
35019,UP
35020,UP
35021,UP
35022,UP
35023,DOWN
35024,UP
35025,DOWN
35026,UP
35027,DOWN
35028,UP
35029,DOWN
35030,UP
35031,DOWN
35032,DOWN
35033,UP
35034,UP
35035,UP
35036,DOWN
35037,DOWN
35038,UP
35039,UP
35040,DOWN
35041,DOWN
35042,UP
35043,DOWN
35044,UP
35045,UP
35046,UP
35047,UP
35048,UP
35049,UP
35050,UP
35051,UP
35052,DOWN
35053,DOWN
35054,DOWN
35055,DOWN
35056,DOWN
35057,UP
35058,DOWN
35059,UP
35060,UP
35061,DOWN
35062,DOWN
35063,UP
35064,UP
35065,UP
35066,UP
35067,UP
35068,DOWN
35069,DOWN
35070,DOWN
35071,DOWN
35072,UP
35073,DOWN
35074,UP
35075,DOWN
35076,UP
35077,UP
35078,UP
35079,UP
35080,UP
35081,UP
35082,DOWN
35083,DOWN
35084,DOWN
35085,DOWN
35086,DOWN
35087,DOWN
35088,DOWN
35089,UP
35090,DOWN
35091,DOWN
35092,DOWN
35093,DOWN
35094,DOWN
35095,DOWN
35096,UP
35097,UP
35098,UP
35099,UP
35100,UP
35101,DOWN
35102,UP
35103,DOWN
35104,UP
35105,DOWN
35106,DOWN
35107,UP
35108,DOWN
35109,UP
35110,UP
35111,UP
35112,DOWN
35113,UP
35114,DOWN
35115,UP
35116,DOWN
35117,DOWN
35118,UP
35119,DOWN
35120,DOWN
35121,DOWN
35122,UP
35123,DOWN
35124,DOWN
35125,UP
35126,DOWN
35127,UP
35128,UP
35129,UP
35130,DOWN
35131,DOWN
35132,DOWN
35133,DOWN
35134,DOWN
35135,UP
35136,UP
35137,UP
35138,DOWN
35139,DOWN
35140,UP
35141,DOWN
35142,DOWN
35143,UP
35144,DOWN
35145,UP
35146,UP
35147,DOWN
35148,DOWN
35149,UP
35150,UP
35151,DOWN
35152,DOWN
35153,DOWN
35154,UP
35155,DOWN
35156,UP
35157,DOWN
35158,UP
35159,DOWN
35160,DOWN
35161,UP
35162,UP
35163,DOWN
35164,DOWN
35165,UP
35166,UP
35167,UP
35168,DOWN
35169,DOWN
35170,UP
35171,DOWN
35172,DOWN
35173,DOWN
35174,UP
35175,UP
35176,UP
35177,UP
35178,UP
35179,UP
35180,UP
35181,UP
35182,UP
35183,DOWN
35184,DOWN
35185,UP
35186,DOWN
35187,DOWN
35188,UP
35189,DOWN
35190,DOWN
35191,DOWN
35192,UP
35193,DOWN
35194,UP
35195,UP
35196,UP
35197,DOWN
35198,UP
35199,DOWN
35200,UP
35201,UP
35202,DOWN
35203,DOWN
35204,UP
35205,DOWN
35206,DOWN
35207,DOWN
35208,UP
35209,DOWN
35210,UP
35211,UP
35212,UP
35213,UP
35214,UP
35215,UP
35216,DOWN
35217,DOWN
35218,DOWN
35219,UP
35220,DOWN
35221,DOWN
35222,DOWN
35223,UP
35224,UP
35225,DOWN
35226,DOWN
35227,DOWN
35228,DOWN
35229,UP
35230,UP
35231,DOWN
35232,DOWN
35233,DOWN
35234,DOWN
35235,DOWN
35236,DOWN
35237,DOWN
35238,DOWN
35239,DOWN
35240,DOWN
35241,UP
35242,UP
35243,DOWN
35244,UP
35245,DOWN
35246,DOWN
35247,DOWN
35248,UP
35249,UP
35250,UP
35251,UP
35252,DOWN
35253,UP
35254,DOWN
35255,DOWN
35256,DOWN
35257,UP
35258,UP
35259,UP
35260,UP
35261,UP
35262,UP
35263,UP
35264,DOWN
35265,DOWN
35266,DOWN
35267,UP
35268,UP
35269,UP
35270,UP
35271,DOWN
35272,DOWN
35273,UP
35274,UP
35275,UP
35276,DOWN
35277,UP
35278,DOWN
35279,DOWN
35280,UP
35281,DOWN
35282,DOWN
35283,UP
35284,UP
35285,UP
35286,UP
35287,UP
35288,DOWN
35289,DOWN
35290,UP
35291,UP
35292,DOWN
35293,DOWN
35294,UP
35295,DOWN
35296,DOWN
35297,UP
35298,DOWN
35299,UP
35300,DOWN
35301,DOWN
35302,DOWN
35303,DOWN
35304,DOWN
35305,DOWN
35306,UP
35307,DOWN
35308,DOWN
35309,UP
35310,DOWN
35311,UP
35312,DOWN
35313,UP
35314,DOWN
35315,UP
35316,DOWN
35317,UP
35318,UP
35319,DOWN
35320,DOWN
35321,DOWN
35322,DOWN
35323,UP
35324,DOWN
35325,DOWN
35326,UP
35327,UP
35328,DOWN
35329,DOWN
35330,DOWN
35331,UP
35332,UP
35333,DOWN
35334,UP
35335,UP
35336,DOWN
35337,DOWN
35338,DOWN
35339,DOWN
35340,UP
35341,DOWN
35342,DOWN
35343,DOWN
35344,UP
35345,DOWN
35346,DOWN
35347,UP
35348,DOWN
35349,UP
35350,DOWN
35351,DOWN
35352,UP
35353,UP
35354,DOWN
35355,UP
35356,UP
35357,UP
35358,UP
35359,UP
35360,DOWN
35361,DOWN
35362,UP
35363,DOWN
35364,UP
35365,UP
35366,UP
35367,DOWN
35368,DOWN
35369,DOWN
35370,UP
35371,UP
35372,DOWN
35373,UP
35374,DOWN
35375,DOWN
35376,UP
35377,DOWN
35378,UP
35379,UP
35380,UP
35381,DOWN
35382,DOWN
35383,DOWN
35384,DOWN
35385,UP
35386,UP
35387,UP
35388,UP
35389,DOWN
35390,DOWN
35391,UP
35392,UP
35393,DOWN
35394,UP
35395,DOWN
35396,UP
35397,DOWN
35398,DOWN
35399,DOWN
35400,DOWN
35401,DOWN
35402,DOWN
35403,DOWN
35404,DOWN
35405,DOWN
35406,UP
35407,UP
35408,UP
35409,DOWN
35410,UP
35411,DOWN
35412,UP
35413,UP
35414,UP
35415,UP
35416,DOWN
35417,DOWN
35418,UP
35419,DOWN
35420,UP
35421,DOWN
35422,UP
35423,UP
35424,UP
35425,UP
35426,UP
35427,UP
35428,DOWN
35429,DOWN
35430,DOWN
35431,UP
35432,DOWN
35433,UP
35434,UP
35435,UP
35436,UP
35437,DOWN
35438,DOWN
35439,DOWN
35440,DOWN
35441,UP
35442,UP
35443,DOWN
35444,DOWN
35445,DOWN
35446,UP
35447,UP
35448,DOWN
35449,DOWN
35450,DOWN
35451,DOWN
35452,DOWN
35453,DOWN
35454,DOWN
35455,UP
35456,UP
35457,DOWN
35458,UP
35459,DOWN
35460,UP
35461,DOWN
35462,UP
35463,UP
35464,DOWN
35465,UP
35466,UP
35467,DOWN
35468,DOWN
35469,DOWN
35470,DOWN
35471,UP
35472,UP
35473,DOWN
35474,DOWN
35475,UP
35476,DOWN
35477,DOWN
35478,DOWN
35479,DOWN
35480,DOWN
35481,DOWN
35482,UP
35483,UP
35484,UP
35485,DOWN
35486,UP
35487,DOWN
35488,DOWN
35489,DOWN
35490,UP
35491,UP
35492,UP
35493,DOWN
35494,UP
35495,UP
35496,DOWN
35497,DOWN
35498,UP
35499,UP
35500,UP
35501,DOWN
35502,UP
35503,UP
35504,DOWN
35505,UP
35506,DOWN
35507,DOWN
35508,DOWN
35509,UP
35510,UP
35511,DOWN
35512,UP
35513,DOWN
35514,DOWN
35515,UP
35516,DOWN
35517,DOWN
35518,DOWN
35519,DOWN
35520,DOWN
35521,DOWN
35522,DOWN
35523,UP
35524,DOWN
35525,DOWN
35526,UP
35527,DOWN
35528,UP
35529,UP
35530,DOWN
35531,DOWN
35532,DOWN
35533,DOWN
35534,DOWN
35535,UP
35536,UP
35537,UP
35538,UP
35539,DOWN
35540,DOWN
35541,DOWN
35542,UP
35543,UP
35544,UP
35545,DOWN
35546,DOWN
35547,UP
35548,DOWN
35549,UP
35550,DOWN
35551,UP
35552,DOWN
35553,UP
35554,DOWN
35555,UP
35556,UP
35557,UP
35558,UP
35559,UP
35560,DOWN
35561,UP
35562,UP
35563,DOWN
35564,DOWN
35565,DOWN
35566,UP
35567,DOWN
35568,DOWN
35569,DOWN
35570,UP
35571,DOWN
35572,UP
35573,UP
35574,UP
35575,UP
35576,UP
35577,UP
35578,UP
35579,UP
35580,UP
35581,UP
35582,UP
35583,DOWN
35584,DOWN
35585,UP
35586,DOWN
35587,UP
35588,UP
35589,UP
35590,UP
35591,DOWN
35592,DOWN
35593,DOWN
35594,UP
35595,UP
35596,DOWN
35597,DOWN
35598,UP
35599,UP
35600,DOWN
35601,UP
35602,DOWN
35603,DOWN
35604,DOWN
35605,UP
35606,UP
35607,UP
35608,UP
35609,UP
35610,DOWN
35611,DOWN
35612,UP
35613,UP
35614,UP
35615,UP
35616,DOWN
35617,UP
35618,UP
35619,DOWN
35620,UP
35621,DOWN
35622,UP
35623,UP
35624,DOWN
35625,DOWN
35626,UP
35627,UP
35628,DOWN
35629,DOWN
35630,UP
35631,DOWN
35632,DOWN
35633,DOWN
35634,UP
35635,UP
35636,DOWN
35637,UP
35638,DOWN
35639,UP
35640,DOWN
35641,UP
35642,DOWN
35643,UP
35644,DOWN
35645,DOWN
35646,DOWN
35647,UP
35648,DOWN
35649,UP
35650,UP
35651,UP
35652,DOWN
35653,DOWN
35654,DOWN
35655,DOWN
35656,UP
35657,UP
35658,DOWN
35659,UP
35660,DOWN
35661,DOWN
35662,UP
35663,UP
35664,DOWN
35665,UP
35666,DOWN
35667,DOWN
35668,UP
35669,DOWN
35670,UP
35671,UP
35672,UP
35673,UP
35674,UP
35675,UP
35676,DOWN
35677,DOWN
35678,DOWN
35679,DOWN
35680,UP
35681,DOWN
35682,UP
35683,DOWN
35684,UP
35685,DOWN
35686,UP
35687,UP
35688,UP
35689,DOWN
35690,DOWN
35691,DOWN
35692,UP
35693,UP
35694,UP
35695,UP
35696,DOWN
35697,UP
35698,DOWN
35699,UP
35700,UP
35701,DOWN
35702,UP
35703,DOWN
35704,DOWN
35705,UP
35706,UP
35707,DOWN
35708,UP
35709,DOWN
35710,UP
35711,DOWN
35712,DOWN
35713,DOWN
35714,DOWN
35715,UP
35716,UP
35717,DOWN
35718,UP
35719,DOWN
35720,UP
35721,DOWN
35722,UP
35723,UP
35724,UP
35725,DOWN
35726,UP
35727,DOWN
35728,DOWN
35729,UP
35730,DOWN
35731,DOWN
35732,DOWN
35733,DOWN
35734,DOWN
35735,DOWN
35736,UP
35737,UP
35738,DOWN
35739,DOWN
35740,DOWN
35741,UP
35742,UP
35743,DOWN
35744,UP
35745,DOWN
35746,UP
35747,UP
35748,DOWN
35749,DOWN
35750,UP
35751,DOWN
35752,UP
35753,UP
35754,DOWN
35755,UP
35756,UP
35757,UP
35758,UP
35759,UP
35760,UP
35761,UP
35762,UP
35763,DOWN
35764,DOWN
35765,DOWN
35766,DOWN
35767,DOWN
35768,DOWN
35769,UP
35770,UP
35771,DOWN
35772,DOWN
35773,DOWN
35774,DOWN
35775,DOWN
35776,UP
35777,DOWN
35778,DOWN
35779,UP
35780,UP
35781,UP
35782,DOWN
35783,DOWN
35784,DOWN
35785,UP
35786,DOWN
35787,DOWN
35788,DOWN
35789,UP
35790,UP
35791,DOWN
35792,UP
35793,UP
35794,DOWN
35795,DOWN
35796,DOWN
35797,UP
35798,DOWN
35799,UP
35800,UP
35801,DOWN
35802,UP
35803,UP
35804,DOWN
35805,UP
35806,UP
35807,DOWN
35808,DOWN
35809,UP
35810,DOWN
35811,UP
35812,UP
35813,UP
35814,UP
35815,UP
35816,DOWN
35817,DOWN
35818,UP
35819,DOWN
35820,UP
35821,UP
35822,DOWN
35823,UP
35824,DOWN
35825,DOWN
35826,DOWN
35827,UP
35828,DOWN
35829,DOWN
35830,DOWN
35831,UP
35832,UP
35833,DOWN
35834,DOWN
35835,UP
35836,DOWN
35837,UP
35838,DOWN
35839,DOWN
35840,DOWN
35841,UP
35842,UP
35843,UP
35844,DOWN
35845,UP
35846,DOWN
35847,DOWN
35848,DOWN
35849,DOWN
35850,DOWN
35851,UP
35852,DOWN
35853,DOWN
35854,UP
35855,DOWN
35856,UP
35857,DOWN
35858,DOWN
35859,DOWN
35860,DOWN
35861,DOWN
35862,DOWN
35863,DOWN
35864,UP
35865,UP
35866,DOWN
35867,UP
35868,DOWN
35869,DOWN
35870,DOWN
35871,DOWN
35872,UP
35873,UP
35874,DOWN
35875,UP
35876,DOWN
35877,DOWN
35878,UP
35879,DOWN
35880,UP
35881,UP
35882,DOWN
35883,DOWN
35884,DOWN
35885,UP
35886,UP
35887,UP
35888,DOWN
35889,UP
35890,DOWN
35891,UP
35892,DOWN
35893,DOWN
35894,DOWN
35895,UP
35896,UP
35897,UP
35898,UP
35899,DOWN
35900,DOWN
35901,UP
35902,UP
35903,DOWN
35904,DOWN
35905,DOWN
35906,DOWN
35907,DOWN
35908,DOWN
35909,DOWN
35910,UP
35911,DOWN
35912,UP
35913,UP
35914,UP
35915,DOWN
35916,DOWN
35917,DOWN
35918,DOWN
35919,UP
35920,DOWN
35921,UP
35922,DOWN
35923,DOWN
35924,DOWN
35925,DOWN
35926,UP
35927,DOWN
35928,DOWN
35929,UP
35930,DOWN
35931,DOWN
35932,UP
35933,DOWN
35934,UP
35935,DOWN
35936,DOWN
35937,DOWN
35938,DOWN
35939,UP
35940,DOWN
35941,UP
35942,DOWN
35943,UP
35944,DOWN
35945,DOWN
35946,DOWN
35947,UP
35948,UP
35949,DOWN
35950,DOWN
35951,UP
35952,UP
35953,DOWN
35954,DOWN
35955,DOWN
35956,DOWN
35957,UP
35958,DOWN
35959,DOWN
35960,DOWN
35961,UP
35962,DOWN
35963,DOWN
35964,DOWN
35965,UP
35966,UP
35967,DOWN
35968,UP
35969,UP
35970,UP
35971,UP
35972,UP
35973,DOWN
35974,UP
35975,UP
35976,DOWN
35977,UP
35978,DOWN
35979,DOWN
35980,DOWN
35981,UP
35982,UP
35983,UP
35984,UP
35985,UP
35986,UP
35987,DOWN
35988,UP
35989,DOWN
35990,UP
35991,DOWN
35992,UP
35993,UP
35994,UP
35995,DOWN
35996,UP
35997,DOWN
35998,UP
35999,UP
36000,DOWN
36001,DOWN
36002,DOWN
36003,UP
36004,UP
36005,DOWN
36006,UP
36007,UP
36008,UP
36009,UP
36010,DOWN
36011,DOWN
36012,DOWN
36013,DOWN
36014,DOWN
36015,UP
36016,UP
36017,DOWN
36018,UP
36019,DOWN
36020,DOWN
36021,DOWN
36022,DOWN
36023,UP
36024,DOWN
36025,DOWN
36026,UP
36027,DOWN
36028,UP
36029,UP
36030,UP
36031,UP
36032,UP
36033,UP
36034,DOWN
36035,UP
36036,DOWN
36037,UP
36038,DOWN
36039,DOWN
36040,UP
36041,DOWN
36042,DOWN
36043,DOWN
36044,UP
36045,DOWN
36046,UP
36047,UP
36048,UP
36049,UP
36050,UP
36051,DOWN
36052,DOWN
36053,DOWN
36054,DOWN
36055,UP
36056,UP
36057,DOWN
36058,DOWN
36059,DOWN
36060,UP
36061,DOWN
36062,UP
36063,UP
36064,UP
36065,DOWN
36066,UP
36067,UP
36068,DOWN
36069,UP
36070,UP
36071,UP
36072,DOWN
36073,UP
36074,UP
36075,UP
36076,DOWN
36077,DOWN
36078,UP
36079,DOWN
36080,DOWN
36081,DOWN
36082,UP
36083,DOWN
36084,UP
36085,UP
36086,UP
36087,DOWN
36088,UP
36089,DOWN
36090,DOWN
36091,UP
36092,DOWN
36093,DOWN
36094,DOWN
36095,UP
36096,UP
36097,DOWN
36098,DOWN
36099,UP
36100,DOWN
36101,DOWN
36102,DOWN
36103,DOWN
36104,UP
36105,UP
36106,DOWN
36107,UP
36108,UP
36109,UP
36110,UP
36111,UP
36112,DOWN
36113,DOWN
36114,DOWN
36115,DOWN
36116,UP
36117,UP
36118,UP
36119,UP
36120,DOWN
36121,UP
36122,DOWN
36123,DOWN
36124,DOWN
36125,UP
36126,UP
36127,DOWN
36128,DOWN
36129,UP
36130,DOWN
36131,DOWN
36132,UP
36133,DOWN
36134,DOWN
36135,DOWN
36136,UP
36137,DOWN
36138,DOWN
36139,DOWN
36140,UP
36141,UP
36142,UP
36143,DOWN
36144,DOWN
36145,DOWN
36146,UP
36147,DOWN
36148,UP
36149,DOWN
36150,UP
36151,DOWN
36152,UP
36153,UP
36154,UP
36155,DOWN
36156,DOWN
36157,UP
36158,UP
36159,DOWN
36160,DOWN
36161,DOWN
36162,DOWN
36163,UP
36164,DOWN
36165,UP
36166,UP
36167,UP
36168,DOWN
36169,DOWN
36170,UP
36171,UP
36172,UP
36173,DOWN
36174,UP
36175,UP
36176,DOWN
36177,UP
36178,DOWN
36179,UP
36180,DOWN
36181,UP
36182,UP
36183,UP
36184,UP
36185,DOWN
36186,UP
36187,DOWN
36188,DOWN
36189,UP
36190,UP
36191,UP
36192,DOWN
36193,UP
36194,UP
36195,UP
36196,UP
36197,UP
36198,UP
36199,UP
36200,DOWN
36201,UP
36202,DOWN
36203,UP
36204,DOWN
36205,UP
36206,UP
36207,DOWN
36208,UP
36209,DOWN
36210,DOWN
36211,UP
36212,UP
36213,DOWN
36214,UP
36215,DOWN
36216,DOWN
36217,UP
36218,UP
36219,DOWN
36220,DOWN
36221,DOWN
36222,UP
36223,DOWN
36224,UP
36225,DOWN
36226,UP
36227,UP
36228,DOWN
36229,UP
36230,UP
36231,DOWN
36232,UP
36233,UP
36234,DOWN
36235,UP
36236,DOWN
36237,DOWN
36238,UP
36239,UP
36240,UP
36241,DOWN
36242,UP
36243,DOWN
36244,UP
36245,DOWN
36246,DOWN
36247,DOWN
36248,DOWN
36249,DOWN
36250,UP
36251,UP
36252,DOWN
36253,UP
36254,DOWN
36255,DOWN
36256,UP
36257,UP
36258,UP
36259,DOWN
36260,DOWN
36261,DOWN
36262,DOWN
36263,UP
36264,UP
36265,UP
36266,UP
36267,DOWN
36268,DOWN
36269,DOWN
36270,DOWN
36271,DOWN
36272,UP
36273,DOWN
36274,UP
36275,UP
36276,UP
36277,DOWN
36278,UP
36279,UP
36280,UP
36281,UP
36282,DOWN
36283,DOWN
36284,UP
36285,DOWN
36286,DOWN
36287,DOWN
36288,UP
36289,DOWN
36290,DOWN
36291,UP
36292,DOWN
36293,DOWN
36294,DOWN
36295,UP
36296,UP
36297,DOWN
36298,DOWN
36299,UP
36300,UP
36301,UP
36302,DOWN
36303,DOWN
36304,UP
36305,UP
36306,DOWN
36307,DOWN
36308,UP
36309,UP
36310,UP
36311,UP
36312,DOWN
36313,DOWN
36314,UP
36315,UP
36316,DOWN
36317,UP
36318,UP
36319,DOWN
36320,UP
36321,DOWN
36322,UP
36323,UP
36324,UP
36325,UP
36326,UP
36327,DOWN
36328,DOWN
36329,DOWN
36330,DOWN
36331,DOWN
36332,DOWN
36333,DOWN
36334,DOWN
36335,UP
36336,DOWN
36337,UP
36338,DOWN
36339,UP
36340,UP
36341,UP
36342,UP
36343,DOWN
36344,DOWN
36345,DOWN
36346,UP
36347,UP
36348,DOWN
36349,DOWN
36350,DOWN
36351,UP
36352,DOWN
36353,UP
36354,UP
36355,UP
36356,UP
36357,UP
36358,UP
36359,UP
36360,UP
36361,DOWN
36362,UP
36363,DOWN
36364,UP
36365,UP
36366,DOWN
36367,UP
36368,UP
36369,UP
36370,DOWN
36371,DOWN
36372,UP
36373,DOWN
36374,UP
36375,DOWN
36376,UP
36377,DOWN
36378,DOWN
36379,UP
36380,UP
36381,UP
36382,UP
36383,DOWN
36384,DOWN
36385,UP
36386,DOWN
36387,DOWN
36388,DOWN
36389,DOWN
36390,DOWN
36391,DOWN
36392,DOWN
36393,DOWN
36394,DOWN
36395,DOWN
36396,UP
36397,DOWN
36398,UP
36399,UP
36400,UP
36401,UP
36402,DOWN
36403,DOWN
36404,DOWN
36405,DOWN
36406,UP
36407,DOWN
36408,UP
36409,UP
36410,UP
36411,DOWN
36412,DOWN
36413,DOWN
36414,DOWN
36415,UP
36416,DOWN
36417,UP
36418,UP
36419,UP
36420,UP
36421,UP
36422,UP
36423,DOWN
36424,DOWN
36425,DOWN
36426,UP
36427,UP
36428,DOWN
36429,DOWN
36430,UP
36431,DOWN
36432,UP
36433,DOWN
36434,UP
36435,DOWN
36436,UP
36437,DOWN
36438,DOWN
36439,DOWN
36440,UP
36441,DOWN
36442,UP
36443,DOWN
36444,DOWN
36445,DOWN
36446,DOWN
36447,UP
36448,UP
36449,DOWN
36450,DOWN
36451,DOWN
36452,UP
36453,UP
36454,UP
36455,DOWN
36456,UP
36457,UP
36458,DOWN
36459,DOWN
36460,DOWN
36461,UP
36462,UP
36463,DOWN
36464,UP
36465,DOWN
36466,DOWN
36467,DOWN
36468,DOWN
36469,UP
36470,UP
36471,DOWN
36472,DOWN
36473,DOWN
36474,DOWN
36475,UP
36476,UP
36477,UP
36478,DOWN
36479,UP
36480,DOWN
36481,DOWN
36482,DOWN
36483,DOWN
36484,UP
36485,UP
36486,DOWN
36487,DOWN
36488,DOWN
36489,DOWN
36490,DOWN
36491,UP
36492,DOWN
36493,DOWN
36494,UP
36495,UP
36496,DOWN
36497,UP
36498,UP
36499,DOWN
36500,DOWN
36501,DOWN
36502,DOWN
36503,DOWN
36504,DOWN
36505,UP
36506,DOWN
36507,DOWN
36508,UP
36509,UP
36510,DOWN
36511,DOWN
36512,DOWN
36513,DOWN
36514,DOWN
36515,DOWN
36516,UP
36517,DOWN
36518,DOWN
36519,DOWN
36520,UP
36521,UP
36522,DOWN
36523,DOWN
36524,DOWN
36525,DOWN
36526,DOWN
36527,DOWN
36528,UP
36529,UP
36530,DOWN
36531,UP
36532,UP
36533,DOWN
36534,UP
36535,DOWN
36536,DOWN
36537,UP
36538,DOWN
36539,DOWN
36540,DOWN
36541,DOWN
36542,UP
36543,UP
36544,UP
36545,DOWN
36546,DOWN
36547,UP
36548,DOWN
36549,UP
36550,DOWN
36551,DOWN
36552,UP
36553,UP
36554,DOWN
36555,UP
36556,UP
36557,UP
36558,UP
36559,UP
36560,DOWN
36561,UP
36562,UP
36563,DOWN
36564,DOWN
36565,UP
36566,UP
36567,UP
36568,DOWN
36569,UP
36570,UP
36571,DOWN
36572,DOWN
36573,DOWN
36574,DOWN
36575,DOWN
36576,DOWN
36577,UP
36578,UP
36579,DOWN
36580,UP
36581,DOWN
36582,UP
36583,UP
36584,DOWN
36585,DOWN
36586,DOWN
36587,UP
36588,DOWN
36589,UP
36590,UP
36591,DOWN
36592,UP
36593,UP
36594,DOWN
36595,UP
36596,DOWN
36597,DOWN
36598,DOWN
36599,DOWN
36600,UP
36601,DOWN
36602,DOWN
36603,DOWN
36604,UP
36605,UP
36606,DOWN
36607,DOWN
36608,UP
36609,DOWN
36610,UP
36611,DOWN
36612,DOWN
36613,DOWN
36614,UP
36615,UP
36616,DOWN
36617,DOWN
36618,UP
36619,DOWN
36620,DOWN
36621,DOWN
36622,UP
36623,DOWN
36624,DOWN
36625,DOWN
36626,DOWN
36627,DOWN
36628,UP
36629,UP
36630,DOWN
36631,UP
36632,DOWN
36633,DOWN
36634,DOWN
36635,DOWN
36636,DOWN
36637,UP
36638,UP
36639,UP
36640,UP
36641,DOWN
36642,DOWN
36643,DOWN
36644,UP
36645,UP
36646,UP
36647,DOWN
36648,DOWN
36649,DOWN
36650,DOWN
36651,DOWN
36652,UP
36653,UP
36654,DOWN
36655,DOWN
36656,DOWN
36657,DOWN
36658,UP
36659,UP
36660,DOWN
36661,UP
36662,UP
36663,DOWN
36664,UP
36665,UP
36666,UP
36667,DOWN
36668,UP
36669,DOWN
36670,UP
36671,UP
36672,DOWN
36673,DOWN
36674,DOWN
36675,DOWN
36676,DOWN
36677,UP
36678,DOWN
36679,UP
36680,UP
36681,DOWN
36682,DOWN
36683,UP
36684,DOWN
36685,UP
36686,UP
36687,UP
36688,UP
36689,UP
36690,UP
36691,UP
36692,UP
36693,DOWN
36694,UP
36695,DOWN
36696,DOWN
36697,UP
36698,UP
36699,UP
36700,DOWN
36701,UP
36702,UP
36703,DOWN
36704,DOWN
36705,UP
36706,UP
36707,UP
36708,DOWN
36709,DOWN
36710,UP
36711,DOWN
36712,UP
36713,DOWN
36714,DOWN
36715,DOWN
36716,UP
36717,DOWN
36718,UP
36719,UP
36720,UP
36721,DOWN
36722,DOWN
36723,UP
36724,UP
36725,DOWN
36726,DOWN
36727,UP
36728,DOWN
36729,DOWN
36730,DOWN
36731,UP
36732,DOWN
36733,DOWN
36734,DOWN
36735,DOWN
36736,DOWN
36737,UP
36738,UP
36739,DOWN
36740,DOWN
36741,UP
36742,UP
36743,DOWN
36744,DOWN
36745,DOWN
36746,DOWN
36747,UP
36748,UP
36749,UP
36750,UP
36751,DOWN
36752,DOWN
36753,UP
36754,DOWN
36755,UP
36756,DOWN
36757,DOWN
36758,UP
36759,DOWN
36760,DOWN
36761,UP
36762,DOWN
36763,UP
36764,DOWN
36765,DOWN
36766,UP
36767,DOWN
36768,DOWN
36769,DOWN
36770,UP
36771,DOWN
36772,UP
36773,DOWN
36774,DOWN
36775,DOWN
36776,DOWN
36777,DOWN
36778,DOWN
36779,DOWN
36780,UP
36781,DOWN
36782,DOWN
36783,DOWN
36784,DOWN
36785,DOWN
36786,UP
36787,UP
36788,DOWN
36789,DOWN
36790,DOWN
36791,DOWN
36792,DOWN
36793,UP
36794,UP
36795,DOWN
36796,DOWN
36797,DOWN
36798,UP
36799,UP
36800,DOWN
36801,DOWN
36802,DOWN
36803,DOWN
36804,DOWN
36805,DOWN
36806,UP
36807,DOWN
36808,DOWN
36809,DOWN
36810,DOWN
36811,UP
36812,UP
36813,DOWN
36814,DOWN
36815,UP
36816,DOWN
36817,UP
36818,UP
36819,UP
36820,DOWN
36821,UP
36822,UP
36823,UP
36824,UP
36825,UP
36826,DOWN
36827,UP
36828,DOWN
36829,UP
36830,UP
36831,DOWN
36832,DOWN
36833,UP
36834,UP
36835,DOWN
36836,UP
36837,UP
36838,UP
36839,DOWN
36840,DOWN
36841,UP
36842,UP
36843,UP
36844,UP
36845,UP
36846,DOWN
36847,UP
36848,DOWN
36849,UP
36850,DOWN
36851,DOWN
36852,DOWN
36853,DOWN
36854,DOWN
36855,UP
36856,DOWN
36857,UP
36858,DOWN
36859,DOWN
36860,UP
36861,DOWN
36862,UP
36863,UP
36864,DOWN
36865,DOWN
36866,DOWN
36867,DOWN
36868,DOWN
36869,DOWN
36870,DOWN
36871,UP
36872,UP
36873,UP
36874,DOWN
36875,UP
36876,UP
36877,UP
36878,DOWN
36879,UP
36880,DOWN
36881,DOWN
36882,UP
36883,UP
36884,UP
36885,UP
36886,UP
36887,UP
36888,UP
36889,UP
36890,DOWN
36891,UP
36892,DOWN
36893,DOWN
36894,UP
36895,DOWN
36896,DOWN
36897,DOWN
36898,DOWN
36899,DOWN
36900,UP
36901,DOWN
36902,DOWN
36903,DOWN
36904,DOWN
36905,DOWN
36906,UP
36907,DOWN
36908,UP
36909,UP
36910,DOWN
36911,UP
36912,DOWN
36913,UP
36914,DOWN
36915,UP
36916,DOWN
36917,DOWN
36918,DOWN
36919,DOWN
36920,UP
36921,UP
36922,UP
36923,UP
36924,DOWN
36925,UP
36926,UP
36927,UP
36928,UP
36929,DOWN
36930,DOWN
36931,DOWN
36932,DOWN
36933,UP
36934,DOWN
36935,UP
36936,DOWN
36937,DOWN
36938,UP
36939,DOWN
36940,DOWN
36941,DOWN
36942,DOWN
36943,UP
36944,UP
36945,UP
36946,UP
36947,UP
36948,UP
36949,UP
36950,UP
36951,UP
36952,UP
36953,DOWN
36954,DOWN
36955,DOWN
36956,UP
36957,UP
36958,DOWN
36959,UP
36960,UP
36961,DOWN
36962,DOWN
36963,DOWN
36964,DOWN
36965,UP
36966,UP
36967,UP
36968,DOWN
36969,UP
36970,DOWN
36971,UP
36972,UP
36973,UP
36974,UP
36975,UP
36976,UP
36977,DOWN
36978,UP
36979,UP
36980,UP
36981,DOWN
36982,DOWN
36983,DOWN
36984,UP
36985,DOWN
36986,DOWN
36987,UP
36988,DOWN
36989,UP
36990,UP
36991,UP
36992,DOWN
36993,DOWN
36994,DOWN
36995,DOWN
36996,UP
36997,UP
36998,UP
36999,UP
37000,DOWN
37001,UP
37002,DOWN
37003,UP
37004,DOWN
37005,DOWN
37006,UP
37007,DOWN
37008,UP
37009,DOWN
37010,UP
37011,DOWN
37012,UP
37013,DOWN
37014,UP
37015,DOWN
37016,UP
37017,DOWN
37018,DOWN
37019,DOWN
37020,DOWN
37021,DOWN
37022,DOWN
37023,DOWN
37024,UP
37025,DOWN
37026,UP
37027,UP
37028,UP
37029,UP
37030,UP
37031,DOWN
37032,DOWN
37033,UP
37034,DOWN
37035,UP
37036,UP
37037,UP
37038,DOWN
37039,DOWN
37040,DOWN
37041,DOWN
37042,DOWN
37043,UP
37044,DOWN
37045,UP
37046,UP
37047,UP
37048,UP
37049,DOWN
37050,UP
37051,UP
37052,DOWN
37053,DOWN
37054,UP
37055,DOWN
37056,UP
37057,UP
37058,DOWN
37059,UP
37060,DOWN
37061,DOWN
37062,UP
37063,UP
37064,DOWN
37065,UP
37066,DOWN
37067,DOWN
37068,DOWN
37069,DOWN
37070,DOWN
37071,UP
37072,DOWN
37073,UP
37074,UP
37075,DOWN
37076,UP
37077,DOWN
37078,DOWN
37079,UP
37080,DOWN
37081,UP
37082,UP
37083,DOWN
37084,UP
37085,DOWN
37086,UP
37087,UP
37088,UP
37089,UP
37090,UP
37091,DOWN
37092,UP
37093,DOWN
37094,DOWN
37095,DOWN
37096,DOWN
37097,UP
37098,UP
37099,DOWN
37100,DOWN
37101,UP
37102,UP
37103,UP
37104,DOWN
37105,DOWN
37106,UP
37107,UP
37108,UP
37109,DOWN
37110,DOWN
37111,DOWN
37112,UP
37113,UP
37114,UP
37115,UP
37116,DOWN
37117,UP
37118,DOWN
37119,UP
37120,UP
37121,UP
37122,DOWN
37123,UP
37124,DOWN
37125,DOWN
37126,DOWN
37127,DOWN
37128,UP
37129,DOWN
37130,DOWN
37131,DOWN
37132,DOWN
37133,UP
37134,DOWN
37135,UP
37136,UP
37137,UP
37138,DOWN
37139,UP
37140,DOWN
37141,DOWN
37142,UP
37143,DOWN
37144,DOWN
37145,DOWN
37146,DOWN
37147,UP
37148,UP
37149,UP
37150,UP
37151,UP
37152,DOWN
37153,DOWN
37154,DOWN
37155,UP
37156,DOWN
37157,DOWN
37158,UP
37159,DOWN
37160,DOWN
37161,DOWN
37162,DOWN
37163,DOWN
37164,UP
37165,UP
37166,DOWN
37167,DOWN
37168,UP
37169,UP
37170,UP
37171,UP
37172,UP
37173,UP
37174,DOWN
37175,UP
37176,DOWN
37177,DOWN
37178,UP
37179,UP
37180,DOWN
37181,UP
37182,UP
37183,DOWN
37184,DOWN
37185,UP
37186,UP
37187,DOWN
37188,DOWN
37189,DOWN
37190,DOWN
37191,UP
37192,UP
37193,DOWN
37194,DOWN
37195,DOWN
37196,UP
37197,DOWN
37198,DOWN
37199,UP
37200,DOWN
37201,UP
37202,DOWN
37203,DOWN
37204,UP
37205,DOWN
37206,UP
37207,UP
37208,UP
37209,UP
37210,DOWN
37211,UP
37212,DOWN
37213,DOWN
37214,DOWN
37215,UP
37216,DOWN
37217,UP
37218,UP
37219,UP
37220,DOWN
37221,DOWN
37222,DOWN
37223,UP
37224,DOWN
37225,DOWN
37226,DOWN
37227,UP
37228,UP
37229,DOWN
37230,UP
37231,UP
37232,DOWN
37233,DOWN
37234,UP
37235,UP
37236,DOWN
37237,UP
37238,DOWN
37239,DOWN
37240,DOWN
37241,UP
37242,DOWN
37243,DOWN
37244,UP
37245,UP
37246,UP
37247,UP
37248,UP
37249,UP
37250,DOWN
37251,DOWN
37252,UP
37253,UP
37254,UP
37255,UP
37256,DOWN
37257,UP
37258,UP
37259,DOWN
37260,DOWN
37261,UP
37262,UP
37263,DOWN
37264,DOWN
37265,UP
37266,UP
37267,UP
37268,UP
37269,DOWN
37270,DOWN
37271,DOWN
37272,UP
37273,DOWN
37274,UP
37275,UP
37276,UP
37277,UP
37278,DOWN
37279,DOWN
37280,UP
37281,DOWN
37282,UP
37283,DOWN
37284,UP
37285,UP
37286,UP
37287,UP
37288,UP
37289,UP
37290,UP
37291,DOWN
37292,UP
37293,DOWN
37294,UP
37295,UP
37296,DOWN
37297,DOWN
37298,DOWN
37299,DOWN
37300,DOWN
37301,UP
37302,DOWN
37303,UP
37304,DOWN
37305,UP
37306,DOWN
37307,DOWN
37308,DOWN
37309,DOWN
37310,DOWN
37311,DOWN
37312,DOWN
37313,UP
37314,DOWN
37315,DOWN
37316,DOWN
37317,DOWN
37318,UP
37319,DOWN
37320,UP
37321,UP
37322,DOWN
37323,DOWN
37324,UP
37325,DOWN
37326,DOWN
37327,DOWN
37328,DOWN
37329,UP
37330,DOWN
37331,DOWN
37332,DOWN
37333,UP
37334,UP
37335,UP
37336,DOWN
37337,DOWN
37338,DOWN
37339,DOWN
37340,UP
37341,UP
37342,DOWN
37343,UP
37344,UP
37345,UP
37346,DOWN
37347,UP
37348,UP
37349,DOWN
37350,DOWN
37351,UP
37352,DOWN
37353,UP
37354,DOWN
37355,DOWN
37356,UP
37357,DOWN
37358,DOWN
37359,DOWN
37360,UP
37361,DOWN
37362,DOWN
37363,UP
37364,DOWN
37365,DOWN
37366,UP
37367,UP
37368,UP
37369,UP
37370,DOWN
37371,DOWN
37372,DOWN
37373,UP
37374,UP
37375,DOWN
37376,DOWN
37377,UP
37378,UP
37379,DOWN
37380,DOWN
37381,DOWN
37382,UP
37383,DOWN
37384,DOWN
37385,DOWN
37386,UP
37387,DOWN
37388,UP
37389,UP
37390,DOWN
37391,DOWN
37392,UP
37393,UP
37394,UP
37395,DOWN
37396,UP
37397,DOWN
37398,DOWN
37399,DOWN
37400,DOWN
37401,UP
37402,UP
37403,DOWN
37404,UP
37405,DOWN
37406,UP
37407,UP
37408,UP
37409,DOWN
37410,DOWN
37411,DOWN
37412,UP
37413,DOWN
37414,UP
37415,DOWN
37416,UP
37417,UP
37418,UP
37419,DOWN
37420,UP
37421,DOWN
37422,UP
37423,DOWN
37424,UP
37425,UP
37426,UP
37427,DOWN
37428,UP
37429,DOWN
37430,DOWN
37431,UP
37432,UP
37433,UP
37434,UP
37435,UP
37436,DOWN
37437,UP
37438,DOWN
37439,DOWN
37440,DOWN
37441,DOWN
37442,DOWN
37443,UP
37444,UP
37445,DOWN
37446,UP
37447,UP
37448,UP
37449,UP
37450,DOWN
37451,UP
37452,UP
37453,DOWN
37454,DOWN
37455,DOWN
37456,UP
37457,UP
37458,DOWN
37459,UP
37460,DOWN
37461,UP
37462,DOWN
37463,UP
37464,UP
37465,UP
37466,UP
37467,DOWN
37468,DOWN
37469,DOWN
37470,UP
37471,DOWN
37472,DOWN
37473,DOWN
37474,DOWN
37475,DOWN
37476,DOWN
37477,UP
37478,UP
37479,UP
37480,UP
37481,UP
37482,UP
37483,DOWN
37484,UP
37485,DOWN
37486,UP
37487,UP
37488,UP
37489,DOWN
37490,DOWN
37491,UP
37492,UP
37493,DOWN
37494,DOWN
37495,DOWN
37496,UP
37497,UP
37498,DOWN
37499,DOWN
37500,DOWN
37501,UP
37502,DOWN
37503,UP
37504,DOWN
37505,UP
37506,DOWN
37507,UP
37508,UP
37509,DOWN
37510,DOWN
37511,UP
37512,DOWN
37513,DOWN
37514,DOWN
37515,UP
37516,DOWN
37517,DOWN
37518,UP
37519,UP
37520,UP
37521,UP
37522,DOWN
37523,DOWN
37524,UP
37525,DOWN
37526,UP
37527,DOWN
37528,DOWN
37529,DOWN
37530,DOWN
37531,DOWN
37532,DOWN
37533,UP
37534,UP
37535,DOWN
37536,DOWN
37537,DOWN
37538,DOWN
37539,DOWN
37540,DOWN
37541,UP
37542,DOWN
37543,UP
37544,UP
37545,UP
37546,UP
37547,UP
37548,DOWN
37549,UP
37550,DOWN
37551,DOWN
37552,DOWN
37553,DOWN
37554,UP
37555,UP
37556,DOWN
37557,DOWN
37558,UP
37559,UP
37560,UP
37561,DOWN
37562,UP
37563,DOWN
37564,DOWN
37565,UP
37566,DOWN
37567,DOWN
37568,DOWN
37569,UP
37570,DOWN
37571,DOWN
37572,UP
37573,UP
37574,DOWN
37575,DOWN
37576,DOWN
37577,UP
37578,DOWN
37579,DOWN
37580,UP
37581,UP
37582,UP
37583,DOWN
37584,DOWN
37585,DOWN
37586,DOWN
37587,DOWN
37588,UP
37589,DOWN
37590,UP
37591,UP
37592,DOWN
37593,DOWN
37594,DOWN
37595,DOWN
37596,DOWN
37597,UP
37598,DOWN
37599,DOWN
37600,DOWN
37601,UP
37602,DOWN
37603,UP
37604,DOWN
37605,UP
37606,UP
37607,DOWN
37608,UP
37609,DOWN
37610,DOWN
37611,UP
37612,DOWN
37613,UP
37614,UP
37615,UP
37616,DOWN
37617,UP
37618,UP
37619,UP
37620,DOWN
37621,UP
37622,DOWN
37623,UP
37624,UP
37625,DOWN
37626,DOWN
37627,DOWN
37628,DOWN
37629,DOWN
37630,DOWN
37631,UP
37632,DOWN
37633,DOWN
37634,UP
37635,DOWN
37636,DOWN
37637,UP
37638,UP
37639,DOWN
37640,DOWN
37641,DOWN
37642,DOWN
37643,UP
37644,DOWN
37645,DOWN
37646,DOWN
37647,DOWN
37648,DOWN
37649,UP
37650,UP
37651,UP
37652,DOWN
37653,UP
37654,UP
37655,UP
37656,DOWN
37657,UP
37658,DOWN
37659,DOWN
37660,DOWN
37661,UP
37662,DOWN
37663,UP
37664,DOWN
37665,DOWN
37666,UP
37667,DOWN
37668,DOWN
37669,DOWN
37670,DOWN
37671,UP
37672,DOWN
37673,UP
37674,DOWN
37675,DOWN
37676,DOWN
37677,DOWN
37678,UP
37679,UP
37680,DOWN
37681,UP
37682,DOWN
37683,UP
37684,UP
37685,DOWN
37686,UP
37687,DOWN
37688,DOWN
37689,DOWN
37690,DOWN
37691,DOWN
37692,DOWN
37693,DOWN
37694,UP
37695,DOWN
37696,DOWN
37697,UP
37698,UP
37699,DOWN
37700,UP
37701,DOWN
37702,UP
37703,DOWN
37704,DOWN
37705,UP
37706,UP
37707,DOWN
37708,DOWN
37709,DOWN
37710,DOWN
37711,DOWN
37712,UP
37713,DOWN
37714,DOWN
37715,DOWN
37716,UP
37717,UP
37718,UP
37719,UP
37720,DOWN
37721,UP
37722,DOWN
37723,DOWN
37724,UP
37725,DOWN
37726,UP
37727,UP
37728,DOWN
37729,UP
37730,DOWN
37731,UP
37732,UP
37733,DOWN
37734,UP
37735,UP
37736,UP
37737,DOWN
37738,UP
37739,UP
37740,UP
37741,DOWN
37742,DOWN
37743,DOWN
37744,UP
37745,DOWN
37746,DOWN
37747,DOWN
37748,DOWN
37749,UP
37750,DOWN
37751,UP
37752,UP
37753,DOWN
37754,DOWN
37755,UP
37756,DOWN
37757,UP
37758,UP
37759,UP
37760,UP
37761,DOWN
37762,DOWN
37763,DOWN
37764,UP
37765,UP
37766,DOWN
37767,DOWN
37768,DOWN
37769,DOWN
37770,DOWN
37771,UP
37772,UP
37773,UP
37774,UP
37775,DOWN
37776,DOWN
37777,DOWN
37778,DOWN
37779,DOWN
37780,DOWN
37781,DOWN
37782,DOWN
37783,DOWN
37784,DOWN
37785,DOWN
37786,DOWN
37787,UP
37788,DOWN
37789,UP
37790,UP
37791,DOWN
37792,UP
37793,UP
37794,DOWN
37795,DOWN
37796,DOWN
37797,DOWN
37798,UP
37799,UP
37800,DOWN
37801,DOWN
37802,UP
37803,DOWN
37804,UP
37805,UP
37806,DOWN
37807,UP
37808,UP
37809,DOWN
37810,UP
37811,UP
37812,DOWN
37813,DOWN
37814,DOWN
37815,DOWN
37816,UP
37817,DOWN
37818,UP
37819,UP
37820,DOWN
37821,UP
37822,DOWN
37823,DOWN
37824,UP
37825,UP
37826,DOWN
37827,UP
37828,DOWN
37829,UP
37830,DOWN
37831,UP
37832,UP
37833,UP
37834,DOWN
37835,UP
37836,UP
37837,UP
37838,UP
37839,DOWN
37840,DOWN
37841,DOWN
37842,DOWN
37843,DOWN
37844,DOWN
37845,UP
37846,UP
37847,UP
37848,UP
37849,DOWN
37850,UP
37851,UP
37852,UP
37853,UP
37854,DOWN
37855,DOWN
37856,DOWN
37857,UP
37858,DOWN
37859,DOWN
37860,DOWN
37861,UP
37862,DOWN
37863,UP
37864,UP
37865,DOWN
37866,UP
37867,DOWN
37868,UP
37869,DOWN
37870,DOWN
37871,UP
37872,DOWN
37873,DOWN
37874,UP
37875,UP
37876,UP
37877,UP
37878,UP
37879,DOWN
37880,DOWN
37881,UP
37882,UP
37883,DOWN
37884,DOWN
37885,DOWN
37886,UP
37887,UP
37888,UP
37889,DOWN
37890,UP
37891,UP
37892,UP
37893,UP
37894,DOWN
37895,UP
37896,UP
37897,DOWN
37898,DOWN
37899,DOWN
37900,UP
37901,DOWN
37902,UP
37903,DOWN
37904,DOWN
37905,UP
37906,DOWN
37907,DOWN
37908,DOWN
37909,DOWN
37910,DOWN
37911,DOWN
37912,DOWN
37913,DOWN
37914,UP
37915,UP
37916,UP
37917,DOWN
37918,UP
37919,UP
37920,DOWN
37921,DOWN
37922,DOWN
37923,UP
37924,DOWN
37925,DOWN
37926,UP
37927,DOWN
37928,DOWN
37929,DOWN
37930,UP
37931,DOWN
37932,DOWN
37933,DOWN
37934,DOWN
37935,UP
37936,UP
37937,UP
37938,UP
37939,DOWN
37940,UP
37941,DOWN
37942,DOWN
37943,DOWN
37944,UP
37945,UP
37946,DOWN
37947,UP
37948,UP
37949,DOWN
37950,UP
37951,UP
37952,DOWN
37953,DOWN
37954,UP
37955,UP
37956,DOWN
37957,UP
37958,DOWN
37959,DOWN
37960,UP
37961,DOWN
37962,DOWN
37963,UP
37964,DOWN
37965,UP
37966,UP
37967,DOWN
37968,DOWN
37969,UP
37970,DOWN
37971,UP
37972,UP
37973,DOWN
37974,UP
37975,DOWN
37976,UP
37977,UP
37978,DOWN
37979,UP
37980,DOWN
37981,DOWN
37982,UP
37983,UP
37984,DOWN
37985,UP
37986,DOWN
37987,DOWN
37988,UP
37989,UP
37990,DOWN
37991,UP
37992,DOWN
37993,UP
37994,DOWN
37995,UP
37996,UP
37997,DOWN
37998,DOWN
37999,DOWN
38000,UP
38001,UP
38002,DOWN
38003,DOWN
38004,UP
38005,UP
38006,UP
38007,UP
38008,DOWN
38009,DOWN
38010,DOWN
38011,DOWN
38012,DOWN
38013,UP
38014,UP
38015,DOWN
38016,UP
38017,UP
38018,DOWN
38019,UP
38020,DOWN
38021,UP
38022,DOWN
38023,UP
38024,DOWN
38025,UP
38026,DOWN
38027,UP
38028,UP
38029,UP
38030,DOWN
38031,DOWN
38032,DOWN
38033,UP
38034,UP
38035,DOWN
38036,DOWN
38037,UP
38038,UP
38039,DOWN
38040,UP
38041,DOWN
38042,DOWN
38043,UP
38044,UP
38045,UP
38046,DOWN
38047,UP
38048,UP
38049,UP
38050,DOWN
38051,UP
38052,DOWN
38053,DOWN
38054,DOWN
38055,UP
38056,DOWN
38057,UP
38058,DOWN
38059,DOWN
38060,DOWN
38061,DOWN
38062,UP
38063,UP
38064,DOWN
38065,UP
38066,DOWN
38067,DOWN
38068,UP
38069,DOWN
38070,UP
38071,DOWN
38072,UP
38073,DOWN
38074,DOWN
38075,UP
38076,DOWN
38077,UP
38078,UP
38079,DOWN
38080,UP
38081,UP
38082,UP
38083,DOWN
38084,UP
38085,DOWN
38086,DOWN
38087,UP
38088,DOWN
38089,DOWN
38090,DOWN
38091,DOWN
38092,UP
38093,DOWN
38094,UP
38095,UP
38096,UP
38097,DOWN
38098,DOWN
38099,UP
38100,DOWN
38101,DOWN
38102,UP
38103,DOWN
38104,DOWN
38105,DOWN
38106,UP
38107,UP
38108,DOWN
38109,DOWN
38110,UP
38111,UP
38112,DOWN
38113,UP
38114,UP
38115,DOWN
38116,UP
38117,DOWN
38118,UP
38119,DOWN
38120,DOWN
38121,DOWN
38122,DOWN
38123,UP
38124,DOWN
38125,UP
38126,UP
38127,UP
38128,UP
38129,UP
38130,UP
38131,UP
38132,DOWN
38133,DOWN
38134,UP
38135,DOWN
38136,DOWN
38137,DOWN
38138,DOWN
38139,UP
38140,UP
38141,DOWN
38142,DOWN
38143,DOWN
38144,UP
38145,UP
38146,UP
38147,DOWN
38148,DOWN
38149,DOWN
38150,DOWN
38151,UP
38152,DOWN
38153,DOWN
38154,UP
38155,UP
38156,DOWN
38157,UP
38158,DOWN
38159,UP
38160,DOWN
38161,DOWN
38162,UP
38163,DOWN
38164,DOWN
38165,DOWN
38166,UP
38167,UP
38168,DOWN
38169,DOWN
38170,DOWN
38171,DOWN
38172,DOWN
38173,UP
38174,DOWN
38175,DOWN
38176,DOWN
38177,DOWN
38178,DOWN
38179,UP
38180,UP
38181,UP
38182,UP
38183,DOWN
38184,DOWN
38185,DOWN
38186,DOWN
38187,UP
38188,UP
38189,UP
38190,UP
38191,UP
38192,UP
38193,DOWN
38194,DOWN
38195,DOWN
38196,UP
38197,UP
38198,DOWN
38199,UP
38200,UP
38201,UP
38202,UP
38203,DOWN
38204,DOWN
38205,DOWN
38206,DOWN
38207,UP
38208,DOWN
38209,DOWN
38210,UP
38211,UP
38212,UP
38213,UP
38214,DOWN
38215,DOWN
38216,UP
38217,UP
38218,DOWN
38219,DOWN
38220,UP
38221,UP
38222,UP
38223,UP
38224,DOWN
38225,UP
38226,DOWN
38227,DOWN
38228,UP
38229,UP
38230,DOWN
38231,UP
38232,UP
38233,UP
38234,UP
38235,UP
38236,DOWN
38237,UP
38238,DOWN
38239,DOWN
38240,DOWN
38241,UP
38242,UP
38243,DOWN
38244,DOWN
38245,UP
38246,DOWN
38247,UP
38248,UP
38249,DOWN
38250,DOWN
38251,UP
38252,UP
38253,DOWN
38254,DOWN
38255,UP
38256,DOWN
38257,UP
38258,DOWN
38259,DOWN
38260,DOWN
38261,UP
38262,DOWN
38263,DOWN
38264,DOWN
38265,UP
38266,DOWN
38267,DOWN
38268,UP
38269,DOWN
38270,UP
38271,UP
38272,DOWN
38273,DOWN
38274,DOWN
38275,UP
38276,DOWN
38277,DOWN
38278,DOWN
38279,UP
38280,DOWN
38281,UP
38282,DOWN
38283,UP
38284,DOWN
38285,DOWN
38286,UP
38287,UP
38288,DOWN
38289,UP
38290,DOWN
38291,UP
38292,UP
38293,UP
38294,DOWN
38295,DOWN
38296,UP
38297,DOWN
38298,UP
38299,DOWN
38300,UP
38301,UP
38302,DOWN
38303,DOWN
38304,DOWN
38305,DOWN
38306,DOWN
38307,DOWN
38308,DOWN
38309,UP
38310,DOWN
38311,DOWN
38312,DOWN
38313,DOWN
38314,UP
38315,UP
38316,UP
38317,DOWN
38318,DOWN
38319,DOWN
38320,DOWN
38321,DOWN
38322,UP
38323,DOWN
38324,DOWN
38325,DOWN
38326,DOWN
38327,UP
38328,DOWN
38329,DOWN
38330,DOWN
38331,UP
38332,DOWN
38333,DOWN
38334,DOWN
38335,DOWN
38336,UP
38337,DOWN
38338,UP
38339,DOWN
38340,DOWN
38341,UP
38342,UP
38343,DOWN
38344,DOWN
38345,UP
38346,UP
38347,DOWN
38348,UP
38349,DOWN
38350,DOWN
38351,UP
38352,DOWN
38353,UP
38354,UP
38355,DOWN
38356,UP
38357,DOWN
38358,DOWN
38359,UP
38360,DOWN
38361,DOWN
38362,UP
38363,DOWN
38364,DOWN
38365,DOWN
38366,DOWN
38367,UP
38368,UP
38369,DOWN
38370,UP
38371,UP
38372,UP
38373,DOWN
38374,DOWN
38375,DOWN
38376,UP
38377,UP
38378,DOWN
38379,UP
38380,DOWN
38381,UP
38382,DOWN
38383,UP
38384,UP
38385,DOWN
38386,UP
38387,DOWN
38388,UP
38389,DOWN
38390,DOWN
38391,DOWN
38392,UP
38393,DOWN
38394,DOWN
38395,UP
38396,UP
38397,UP
38398,UP
38399,DOWN
38400,UP
38401,DOWN
38402,DOWN
38403,UP
38404,DOWN
38405,DOWN
38406,DOWN
38407,UP
38408,DOWN
38409,UP
38410,UP
38411,UP
38412,UP
38413,DOWN
38414,DOWN
38415,UP
38416,DOWN
38417,DOWN
38418,DOWN
38419,DOWN
38420,DOWN
38421,DOWN
38422,UP
38423,DOWN
38424,UP
38425,DOWN
38426,UP
38427,UP
38428,UP
38429,UP
38430,UP
38431,UP
38432,UP
38433,UP
38434,UP
38435,UP
38436,DOWN
38437,UP
38438,DOWN
38439,UP
38440,DOWN
38441,UP
38442,DOWN
38443,DOWN
38444,UP
38445,UP
38446,DOWN
38447,UP
38448,UP
38449,UP
38450,DOWN
38451,DOWN
38452,DOWN
38453,DOWN
38454,DOWN
38455,DOWN
38456,UP
38457,DOWN
38458,UP
38459,DOWN
38460,UP
38461,UP
38462,UP
38463,UP
38464,UP
38465,DOWN
38466,UP
38467,DOWN
38468,UP
38469,DOWN
38470,DOWN
38471,UP
38472,DOWN
38473,DOWN
